metabolism,metabolism2,category,order,module,type,no_kegg_ID,module_comp,module_comp_code
Carbohydrate_metabolism,a_Carbohydrate_metabolism,Central_carbohydrate_metabolism,1,"M00001 Glycolysis(Embden-Meyerhof pathway), glucose => pyruvate",bacteria,22,complete,1
Carbohydrate_metabolism,a_Carbohydrate_metabolism,Central_carbohydrate_metabolism,2,"M00002 Glycolysis, core module involving three-carbon compounds",bacteria,11,complete,1
Carbohydrate_metabolism,a_Carbohydrate_metabolism,Central_carbohydrate_metabolism,3,"M00003 Gluconeogenesis, oxaloacetate => fructose-6P",bacteria,17,complete,1
Carbohydrate_metabolism,a_Carbohydrate_metabolism,Central_carbohydrate_metabolism,4,"M00307 Pyruvate oxidation, pyruvate => acetyl-CoA",bacteria,11,complete,1
Carbohydrate_metabolism,a_Carbohydrate_metabolism,Central_carbohydrate_metabolism,5,"M00009 Citrate cycle(TCA cycle, Krebs cycle)",bacteria,31,complete,1
Carbohydrate_metabolism,a_Carbohydrate_metabolism,Central_carbohydrate_metabolism,6,"M00010 Citrate cycle, first carbon oxidation, oxaloacetate => 2-oxoglutarate",bacteria,6,complete,1
Carbohydrate_metabolism,a_Carbohydrate_metabolism,Central_carbohydrate_metabolism,7,"M00011 Citrate cycle, second carbon oxidation, 2-oxoglutarate => oxaloacetate",bacteria,25,complete,1
Carbohydrate_metabolism,a_Carbohydrate_metabolism,Central_carbohydrate_metabolism,8,M00004 Pentose phosphate pathway(Pentose phosphate cycle),bacteria,13,complete,1
Carbohydrate_metabolism,a_Carbohydrate_metabolism,Central_carbohydrate_metabolism,9,"M00006 Pentose phosphate pathway, oxidative phase, glucose 6P => ribulose 5P",bacteria,4,complete,1
Carbohydrate_metabolism,a_Carbohydrate_metabolism,Central_carbohydrate_metabolism,10,"M00007 Pentose phosphate pathway, non-oxidative phase, fructose 6P => ribose 5P",bacteria,6,complete,1
Carbohydrate_metabolism,a_Carbohydrate_metabolism,Central_carbohydrate_metabolism,11,"M00580 Pentose phosphate pathway, archaea, fructose 6P => ribose 5P",bacteria,5,complete,1
Carbohydrate_metabolism,a_Carbohydrate_metabolism,Central_carbohydrate_metabolism,12,"M00005 PRPP biosynthesis, ribose 5P => PRPP",bacteria,1,complete,1
Carbohydrate_metabolism,a_Carbohydrate_metabolism,Central_carbohydrate_metabolism,13,"M00008 Entner-Doudoroff pathway, glucose-6P => glyceraldehyde-3P + pyruvate",bacteria,5,complete,1
Carbohydrate_metabolism,a_Carbohydrate_metabolism,Central_carbohydrate_metabolism,14,"M00308 Semi-phosphorylative Entner-Doudoroff pathway, gluconate => glycerate-3P",bacteria,5,1-block-missing,2
Carbohydrate_metabolism,a_Carbohydrate_metabolism,Central_carbohydrate_metabolism,15,"M00309 Non-phosphorylative Entner-Doudoroff pathway, gluconate/galactonate => glycerate",bacteria,1,2-blocks-missing,3
Carbohydrate_metabolism,a_Carbohydrate_metabolism,Other_carbohydrate_metabolism,16,M00014 Glucuronate pathway(uronate pathway),bacteria,5,incomplete,4
Carbohydrate_metabolism,a_Carbohydrate_metabolism,Other_carbohydrate_metabolism,17,"M00631 D-Galacturonate degradation(bacteria), D-galacturonate => pyruvate + D-glyceraldehyde 3P",bacteria,5,complete,1
Carbohydrate_metabolism,a_Carbohydrate_metabolism,Other_carbohydrate_metabolism,18,"M00061 D-Glucuronate degradation, D-glucuronate => pyruvate + D-glyceraldehyde 3P",bacteria,6,complete,1
Carbohydrate_metabolism,a_Carbohydrate_metabolism,Other_carbohydrate_metabolism,19,M00081 Pectin degradation,bacteria,1,2-blocks-missing,3
Carbohydrate_metabolism,a_Carbohydrate_metabolism,Other_carbohydrate_metabolism,20,"M00632 Galactose degradation, Leloir pathway, galactose => alpha-D-glucose-1P",bacteria,4,complete,1
Carbohydrate_metabolism,a_Carbohydrate_metabolism,Other_carbohydrate_metabolism,21,"M00552 D-galactonate degradation, De Ley-Doudoroff pathway, D-galactonate => glycerate-3P",bacteria,5,complete,1
Carbohydrate_metabolism,a_Carbohydrate_metabolism,Other_carbohydrate_metabolism,22,"M00129 Ascorbate biosynthesis, animals, glucose-1P => ascorbate",bacteria,6,1-block-missing,2
Carbohydrate_metabolism,a_Carbohydrate_metabolism,Other_carbohydrate_metabolism,23,"M00114 Ascorbate biosynthesis, plants, fructose-6P => ascorbate",bacteria,4,incomplete,4
Carbohydrate_metabolism,a_Carbohydrate_metabolism,Other_carbohydrate_metabolism,24,"M00550 Ascorbate degradation, ascorbate => D-xylulose-5P",bacteria,5,2-blocks-missing,3
Carbohydrate_metabolism,a_Carbohydrate_metabolism,Other_carbohydrate_metabolism,25,"M00854 Glycogen biosynthesis, glucose-1P => glycogen/starch",bacteria,5,complete,1
Carbohydrate_metabolism,a_Carbohydrate_metabolism,Other_carbohydrate_metabolism,26,"M00855 Glycogen degradation, glycogen => glucose-6P",bacteria,6,complete,1
Carbohydrate_metabolism,a_Carbohydrate_metabolism,Other_carbohydrate_metabolism,27,"M00565 Trehalose biosynthesis, D-glucose 1P => trehalose",bacteria,5,1-block-missing,2
Carbohydrate_metabolism,a_Carbohydrate_metabolism,Other_carbohydrate_metabolism,28,"M00549 Nucleotide sugar biosynthesis, glucose => UDP-glucose",bacteria,6,complete,1
Carbohydrate_metabolism,a_Carbohydrate_metabolism,Other_carbohydrate_metabolism,29,"M00554 Nucleotide sugar biosynthesis, galactose => UDP-galactose",bacteria,2,complete,1
Carbohydrate_metabolism,a_Carbohydrate_metabolism,Other_carbohydrate_metabolism,30,"M00892 UDP-N-acetyl-D-glucosamine biosynthesis, eukaryotes, glucose => UDP-GlcNAc",bacteria,6,1-block-missing,2
Carbohydrate_metabolism,a_Carbohydrate_metabolism,Other_carbohydrate_metabolism,31,"M00909 UDP-N-acetyl-D-glucosamine biosynthesis, prokaryotes, glucose => UDP-GlcNAc",bacteria,7,complete,1
Carbohydrate_metabolism,a_Carbohydrate_metabolism,Other_carbohydrate_metabolism,32,"M00761 Undecaprenylphosphate alpha-L-Ara4N biosynthesis, UDP-GlcA => undecaprenyl phosphate alpha-L-Ara4N",bacteria,3,1-block-missing,2
Carbohydrate_metabolism,a_Carbohydrate_metabolism,Other_carbohydrate_metabolism,33,M00012 Glyoxylate cycle,bacteria,7,complete,1
Carbohydrate_metabolism,a_Carbohydrate_metabolism,Other_carbohydrate_metabolism,34,M00373 Ethylmalonyl pathway,bacteria,11,2-blocks-missing,3
Carbohydrate_metabolism,a_Carbohydrate_metabolism,Other_carbohydrate_metabolism,35,M00740 Methylaspartate cycle,bacteria,8,incomplete,4
Carbohydrate_metabolism,a_Carbohydrate_metabolism,Other_carbohydrate_metabolism,36,M00532 Photorespiration,bacteria,12,2-blocks-missing,3
Carbohydrate_metabolism,a_Carbohydrate_metabolism,Other_carbohydrate_metabolism,37,"M00013 Malonate semialdehyde pathway, propanoyl-CoA => acetyl-CoA",bacteria,5,1-block-missing,2
Carbohydrate_metabolism,a_Carbohydrate_metabolism,Other_carbohydrate_metabolism,38,"M00741 Propanoyl-CoA metabolism, propanoyl-CoA => succinyl-CoA",bacteria,8,complete,1
Carbohydrate_metabolism,a_Carbohydrate_metabolism,Other_carbohydrate_metabolism,39,"M00968 Pentose bisphosphate pathway(nucleoside degradation), archaea, nucleoside/NMP => 3-PGA/glycerone phosphate",bacteria,3,2-blocks-missing,3
Carbohydrate_metabolism,a_Carbohydrate_metabolism,Other_carbohydrate_metabolism,40,"M00130 Inositol phosphate metabolism, PI=> PIP2 => Ins(1,4,5)P3 => Ins(1,3,4,5)P4",bacteria,1,incomplete,4
Carbohydrate_metabolism,a_Carbohydrate_metabolism,Other_carbohydrate_metabolism,41,"M00131 Inositol phosphate metabolism, Ins(1,3,4,5)P4 => Ins(1,3,4)P3 => myo-inositol",bacteria,1,incomplete,4
Energy_metabolism,b_Energy_metabolism,Carbon_fixation,42,M00165 Reductive pentose phosphate cycle(Calvin cycle),bacteria,16,complete,1
Energy_metabolism,b_Energy_metabolism,Carbon_fixation,43,"M00168 CAM(Crassulacean acid metabolism), dark",bacteria,3,complete,1
Energy_metabolism,b_Energy_metabolism,Carbon_fixation,44,"M00169 CAM(Crassulacean acid metabolism), light",bacteria,2,complete,1
Energy_metabolism,b_Energy_metabolism,Carbon_fixation,45,"M00172 C4-dicarboxylic acid cycle, NADP - malic enzyme type",bacteria,3,1-block-missing,2
Energy_metabolism,b_Energy_metabolism,Carbon_fixation,46,"M00171 C4-dicarboxylic acid cycle, NAD - malic enzyme type",bacteria,5,2-blocks-missing,3
Energy_metabolism,b_Energy_metabolism,Carbon_fixation,47,"M00170 C4-dicarboxylic acid cycle, phosphoenolpyruvate carboxykinase type",bacteria,2,2-blocks-missing,3
Energy_metabolism,b_Energy_metabolism,Carbon_fixation,48,M00173 Reductive citrate cycle(Arnon-Buchanan cycle),bacteria,33,complete,1
Energy_metabolism,b_Energy_metabolism,Carbon_fixation,49,M00376 3-Hydroxypropionate bi-cycle,bacteria,21,complete,1
Energy_metabolism,b_Energy_metabolism,Carbon_fixation,50,M00375 Hydroxypropionate-hydroxybutylate cycle,bacteria,8,incomplete,4
Energy_metabolism,b_Energy_metabolism,Carbon_fixation,51,M00374 Dicarboxylate-hydroxybutyrate cycle,bacteria,17,incomplete,4
Energy_metabolism,b_Energy_metabolism,Carbon_fixation,52,M00377 Reductive acetyl-CoA pathway(Wood-Ljungdahl pathway),bacteria,11,complete,1
Energy_metabolism,b_Energy_metabolism,Carbon_fixation,53,"M00579 Phosphate acetyltransferase-acetate kinase pathway, acetyl-CoA => acetate",bacteria,4,complete,1
Energy_metabolism,b_Energy_metabolism,Carbon_fixation,54,"M00620 Incomplete reductive citrate cycle, acetyl-CoA => oxoglutarate",bacteria,15,1-block-missing,2
Energy_metabolism,b_Energy_metabolism,Methane_metabolism,55,"M00567 Methanogenesis, CO2 => methane",bacteria,20,2-blocks-missing,3
Energy_metabolism,b_Energy_metabolism,Methane_metabolism,56,"M00357 Methanogenesis, acetate => methane",bacteria,15,2-blocks-missing,3
Energy_metabolism,b_Energy_metabolism,Methane_metabolism,57,"M00356 Methanogenesis, methanol => methane",bacteria,8,2-blocks-missing,3
Energy_metabolism,b_Energy_metabolism,Methane_metabolism,58,"M00563 Methanogenesis, methylamine/dimethylamine/trimethylamine => methane",bacteria,10,1-block-missing,2
Energy_metabolism,b_Energy_metabolism,Methane_metabolism,59,M00358 Coenzyme M biosynthesis,bacteria,5,complete,1
Energy_metabolism,b_Energy_metabolism,Methane_metabolism,60,"M00608 2-Oxocarboxylic acid chain extension, 2-oxoglutarate => 2-oxoadipate => 2-oxopimelate => 2-oxosuberate",bacteria,2,1-block-missing,2
Energy_metabolism,b_Energy_metabolism,Methane_metabolism,61,"M00174 Methane oxidation, methanotroph, methane => formaldehyde",bacteria,3,1-block-missing,2
Energy_metabolism,b_Energy_metabolism,Methane_metabolism,62,"M00346 Formaldehyde assimilation, serine pathway",bacteria,10,complete,1
Energy_metabolism,b_Energy_metabolism,Methane_metabolism,63,"M00345 Formaldehyde assimilation, ribulose monophosphate pathway",bacteria,6,complete,1
Energy_metabolism,b_Energy_metabolism,Methane_metabolism,64,"M00344 Formaldehyde assimilation, xylulose monophosphate pathway",bacteria,3,1-block-missing,2
Energy_metabolism,b_Energy_metabolism,Methane_metabolism,65,"M00378 F420 biosynthesis, archaea",bacteria,5,complete,1
Energy_metabolism,b_Energy_metabolism,Methane_metabolism,66,M00935 Methanofuran biosynthesis,bacteria,3,incomplete,4
Energy_metabolism,b_Energy_metabolism,Methane_metabolism,67,"M00422 Acetyl-CoA pathway, CO2 => acetyl-CoA",bacteria,5,complete,1
Energy_metabolism,b_Energy_metabolism,Nitrogen_metabolism,68,"M00175 Nitrogen fixation, nitrogen => ammonia",bacteria,3,complete,1
Energy_metabolism,b_Energy_metabolism,Nitrogen_metabolism,69,"M00531 Assimilatory nitrate reduction, nitrate => ammonia",bacteria,3,complete,1
Energy_metabolism,b_Energy_metabolism,Nitrogen_metabolism,70,"M00530 Dissimilatory nitrate reduction, nitrate => ammonia",bacteria,9,complete,1
Energy_metabolism,b_Energy_metabolism,Nitrogen_metabolism,71,"M00529 Denitrification, nitrate => nitrogen",bacteria,10,complete,1
Energy_metabolism,b_Energy_metabolism,Nitrogen_metabolism,72,"M00528 Nitrification, ammonia => nitrite",bacteria,4,complete,1
Energy_metabolism,b_Energy_metabolism,Nitrogen_metabolism,73,"M00804 Complete nitrification, comammox, ammonia => nitrite => nitrate",bacteria,6,complete,1
Energy_metabolism,b_Energy_metabolism,Nitrogen_metabolism,74,"M00973 Anammox, nitrite + ammonia => nitrogen",bacteria,2,2-blocks-missing,3
Energy_metabolism,b_Energy_metabolism,Sulfur_metabolism,75,"M00176 Assimilatory sulfate reduction, sulfate => H2S",bacteria,9,complete,1
Energy_metabolism,b_Energy_metabolism,Sulfur_metabolism,76,"M00596 Dissimilatory sulfate reduction, sulfate => H2S",bacteria,5,1-block-missing,2
Energy_metabolism,b_Energy_metabolism,Photosynthesis,77,M00597 Anoxygenic photosystem II,bacteria,2,complete,1
Energy_metabolism,b_Energy_metabolism,ATP_synthesis,78,"M00144 NADH:quinone oxidoreductase, prokaryotes",bacteria,15,complete,1
Energy_metabolism,b_Energy_metabolism,ATP_synthesis,79,"M00142 NADH:ubiquinone oxidoreductase, mitochondria",bacteria,7,complete,1
Energy_metabolism,b_Energy_metabolism,ATP_synthesis,80,"M00149 Succinate dehydrogenase, prokaryotes",bacteria,4,complete,1
Energy_metabolism,b_Energy_metabolism,ATP_synthesis,81,"M00150 Fumarate reductase, prokaryotes",bacteria,4,complete,1
Energy_metabolism,b_Energy_metabolism,ATP_synthesis,82,M00151 Cytochrome bc1 complex respiratory unit,bacteria,9,complete,1
Energy_metabolism,b_Energy_metabolism,ATP_synthesis,83,"M00155 Cytochrome c oxidase, prokaryotes",bacteria,5,complete,1
Energy_metabolism,b_Energy_metabolism,ATP_synthesis,84,M00417 Cytochrome o ubiquinol oxidase,bacteria,4,complete,1
Energy_metabolism,b_Energy_metabolism,ATP_synthesis,85,"M00156 Cytochrome c oxidase, cbb3-type",bacteria,5,complete,1
Energy_metabolism,b_Energy_metabolism,ATP_synthesis,86,"M00157 F-type ATPase, prokaryotes and chloroplasts",bacteria,8,complete,1
Lipid_metabolism,c_Lipid_metabolism,Fatty_acid_metabolism,87,"M00082 Fatty acid biosynthesis, initiation",bacteria,8,complete,1
Lipid_metabolism,c_Lipid_metabolism,Fatty_acid_metabolism,88,"M00083 Fatty acid biosynthesis, elongation",bacteria,9,complete,1
Lipid_metabolism,c_Lipid_metabolism,Fatty_acid_metabolism,89,"M00873 Fatty acid biosynthesis in mitochondria, animals",bacteria,2,incomplete,4
Lipid_metabolism,c_Lipid_metabolism,Fatty_acid_metabolism,90,"M00874 Fatty acid biosynthesis in mitochondria, fungi",bacteria,3,incomplete,4
Lipid_metabolism,c_Lipid_metabolism,Fatty_acid_metabolism,91,M00085 Fatty acid elongation in mitochondria,bacteria,4,1-block-missing,2
Lipid_metabolism,c_Lipid_metabolism,Fatty_acid_metabolism,92,"M00086 beta-Oxidation, acyl-CoA synthesis",bacteria,2,complete,1
Lipid_metabolism,c_Lipid_metabolism,Fatty_acid_metabolism,93,M00087 beta-Oxidation,bacteria,14,complete,1
Lipid_metabolism,c_Lipid_metabolism,Fatty_acid_metabolism,94,"M00861 beta-Oxidation, peroxisome, VLCFA",bacteria,3,complete,1
Lipid_metabolism,c_Lipid_metabolism,Sterol_biosynthesis,95,"M00101 Cholesterol biosynthesis, squalene 2,3-epoxide => cholesterol",bacteria,4,incomplete,4
Lipid_metabolism,c_Lipid_metabolism,Sterol_biosynthesis,96,"M00102 Ergocalciferol biosynthesis, squalene 2,3-epoxide => ergosterol/ergocalciferol",bacteria,4,incomplete,4
Lipid_metabolism,c_Lipid_metabolism,Sterol_biosynthesis,97,"M00917 Phytosterol biosynthesis, squalene 2,3-epoxide => campesterol/sitosterol",bacteria,3,incomplete,4
Lipid_metabolism,c_Lipid_metabolism,Sterol_biosynthesis,98,"M00104 Bile acid biosynthesis, cholesterol => cholate/chenodeoxycholate",bacteria,3,incomplete,4
Lipid_metabolism,c_Lipid_metabolism,Sterol_biosynthesis,99,"M00862 beta-Oxidation, peroxisome, tri/dihydroxycholestanoyl-CoA => choloyl/chenodeoxycholoyl-CoA",bacteria,2,1-block-missing,2
Lipid_metabolism,c_Lipid_metabolism,Lipid_metabolism,100,"M00088 Ketone body biosynthesis, acetyl-CoA => acetoacetate/3-hydroxybutyrate/acetone",bacteria,4,1-block-missing,2
Lipid_metabolism,c_Lipid_metabolism,Lipid_metabolism,101,M00089 Triacylglycerol biosynthesis,bacteria,6,1-block-missing,2
Lipid_metabolism,c_Lipid_metabolism,Lipid_metabolism,102,M00098 Acylglycerol degradation,bacteria,2,complete,1
Lipid_metabolism,c_Lipid_metabolism,Lipid_metabolism,103,"M00090 Phosphatidylcholine(PC) biosynthesis, choline => PC",bacteria,1,2-blocks-missing,3
Lipid_metabolism,c_Lipid_metabolism,Lipid_metabolism,104,"M00091 Phosphatidylcholine(PC) biosynthesis, PE => PC",bacteria,3,complete,1
Lipid_metabolism,c_Lipid_metabolism,Lipid_metabolism,105,"M00093 Phosphatidylethanolamine(PE) biosynthesis, PA => PS => PE",bacteria,3,complete,1
Lipid_metabolism,c_Lipid_metabolism,Lipid_metabolism,106,M00094 Ceramide biosynthesis,bacteria,2,2-blocks-missing,3
Lipid_metabolism,c_Lipid_metabolism,Lipid_metabolism,107,M00066 Lactosylceramide biosynthesis,bacteria,1,1-block-missing,2
Lipid_metabolism,c_Lipid_metabolism,Lipid_metabolism,108,M00099 Sphingosine biosynthesis,bacteria,2,incomplete,4
Lipid_metabolism,c_Lipid_metabolism,Lipid_metabolism,109,M00100 Sphingosine degradation,bacteria,1,1-block-missing,2
Lipid_metabolism,c_Lipid_metabolism,Lipid_metabolism,110,M00113 Jasmonic acid biosynthesis,bacteria,1,incomplete,4
Nucleotide_metabolism,d_Nucleotide_metabolism,Purine_metabolism,111,"M00048 De novo purine biosynthesis, PRPP + glutamine => IMP",bacteria,19,complete,1
Nucleotide_metabolism,d_Nucleotide_metabolism,Purine_metabolism,112,"M00049 Adenine ribonucleotide biosynthesis, IMP => ADP,ATP",bacteria,4,complete,1
Nucleotide_metabolism,d_Nucleotide_metabolism,Purine_metabolism,113,"M00050 Guanine ribonucleotide biosynthesis, IMP => GDP,GTP",bacteria,4,complete,1
Nucleotide_metabolism,d_Nucleotide_metabolism,Purine_metabolism,114,"M00053 Deoxyribonucleotide biosynthesis, ADP/GDP/CDP/UDP => dATP/dGTP/dCTP/dUTP",bacteria,5,complete,1
Nucleotide_metabolism,d_Nucleotide_metabolism,Purine_metabolism,115,"M00958 Adenine ribonucleotide degradation, AMP => Urate",bacteria,17,complete,1
Nucleotide_metabolism,d_Nucleotide_metabolism,Purine_metabolism,116,"M00959 Guanine ribonucleotide degradation, GMP => Urate",bacteria,17,complete,1
Nucleotide_metabolism,d_Nucleotide_metabolism,Purine_metabolism,117,"M00546 Purine degradation, xanthine => urea",bacteria,13,complete,1
Nucleotide_metabolism,d_Nucleotide_metabolism,Pyrimidine_metabolism,118,"M00051 De novo pyrimidine biosynthesis, glutamine(+ PRPP) => UMP",bacteria,13,complete,1
Nucleotide_metabolism,d_Nucleotide_metabolism,Pyrimidine_metabolism,119,"M00052 Pyrimidine ribonucleotide biosynthesis, UMP => UDP/UTP,CDP/CTP",bacteria,4,complete,1
Nucleotide_metabolism,d_Nucleotide_metabolism,Pyrimidine_metabolism,120,"M00938 Pyrimidine deoxyribonucleotide biosynthesis, UDP => dTTP",bacteria,10,complete,1
Nucleotide_metabolism,d_Nucleotide_metabolism,Pyrimidine_metabolism,121,"M00046 Pyrimidine degradation, uracil => beta-alanine, thymine => 3-aminoisobutanoate",bacteria,4,complete,1
Nucleotide_metabolism,d_Nucleotide_metabolism,Pyrimidine_metabolism,122,"M00939 Pyrimidine degradation, uracil => 3-hydroxypropanoate",bacteria,7,complete,1
Amino_acid_metabolism,e_Amino_acid_metabolism,Serine_and_threonine_metabolism,123,"M00020 Serine biosynthesis, glycerate-3P => serine",bacteria,4,complete,1
Amino_acid_metabolism,e_Amino_acid_metabolism,Serine_and_threonine_metabolism,124,"M00018 Threonine biosynthesis, aspartate => homoserine => threonine",bacteria,9,complete,1
Amino_acid_metabolism,e_Amino_acid_metabolism,Serine_and_threonine_metabolism,125,M00621 Glycine cleavage system,bacteria,5,complete,1
Amino_acid_metabolism,e_Amino_acid_metabolism,Serine_and_threonine_metabolism,126,"M00555 Betaine biosynthesis, choline => betaine",bacteria,5,complete,1
Amino_acid_metabolism,e_Amino_acid_metabolism,Serine_and_threonine_metabolism,127,"M00974 Betaine metabolism, animals, betaine => glycine",bacteria,3,1-block-missing,2
Amino_acid_metabolism,e_Amino_acid_metabolism,Serine_and_threonine_metabolism,128,"M00975 Betaine degradation, bacteria, betaine => pyruvate",bacteria,10,1-block-missing,2
Amino_acid_metabolism,e_Amino_acid_metabolism,Serine_and_threonine_metabolism,129,"M00033 Ectoine biosynthesis, aspartate => ectoine",bacteria,5,complete,1
Amino_acid_metabolism,e_Amino_acid_metabolism,Serine_and_threonine_metabolism,130,"M00919 Ectoine degradation, ectoine => aspartate",bacteria,1,incomplete,4
Amino_acid_metabolism,e_Amino_acid_metabolism,Cysteine_and_methionine_metabolism,131,"M00021 Cysteine biosynthesis, serine => cysteine",bacteria,2,complete,1
Amino_acid_metabolism,e_Amino_acid_metabolism,Cysteine_and_methionine_metabolism,132,"M00338 Cysteine biosynthesis, homocysteine + serine => cysteine",bacteria,2,complete,1
Amino_acid_metabolism,e_Amino_acid_metabolism,Cysteine_and_methionine_metabolism,133,"M00609 Cysteine biosynthesis, methionine => cysteine",bacteria,3,incomplete,4
Amino_acid_metabolism,e_Amino_acid_metabolism,Cysteine_and_methionine_metabolism,134,"M00017 Methionine biosynthesis, aspartate => homoserine => methionine",bacteria,11,complete,1
Amino_acid_metabolism,e_Amino_acid_metabolism,Cysteine_and_methionine_metabolism,135,M00034 Methionine salvage pathway,bacteria,16,complete,1
Amino_acid_metabolism,e_Amino_acid_metabolism,Cysteine_and_methionine_metabolism,136,M00035 Methionine degradation,bacteria,5,complete,1
Amino_acid_metabolism,e_Amino_acid_metabolism,Cysteine_and_methionine_metabolism,137,"M00368 Ethylene biosynthesis, methionine => ethylene",bacteria,1,2-blocks-missing,3
Amino_acid_metabolism,e_Amino_acid_metabolism,Branched-chain_amino_acid_metabolism,138,"M00019 Valine/isoleucine biosynthesis, pyruvate => valine / 2-oxobutanoate => isoleucine",bacteria,6,complete,1
Amino_acid_metabolism,e_Amino_acid_metabolism,Branched-chain_amino_acid_metabolism,139,"M00535 Isoleucine biosynthesis, pyruvate => 2-oxobutanoate",bacteria,4,complete,1
Amino_acid_metabolism,e_Amino_acid_metabolism,Branched-chain_amino_acid_metabolism,140,"M00570 Isoleucine biosynthesis, threonine => 2-oxobutanoate => isoleucine",bacteria,7,complete,1
Amino_acid_metabolism,e_Amino_acid_metabolism,Branched-chain_amino_acid_metabolism,141,"M00432 Leucine biosynthesis, 2-oxoisovalerate => 2-oxoisocaproate",bacteria,5,complete,1
Amino_acid_metabolism,e_Amino_acid_metabolism,Branched-chain_amino_acid_metabolism,142,"M00036 Leucine degradation, leucine => acetoacetate + acetyl-CoA",bacteria,13,complete,1
Amino_acid_metabolism,e_Amino_acid_metabolism,Lysine_metabolism,143,"M00016 Lysine biosynthesis, succinyl-DAP pathway, aspartate => lysine",bacteria,12,complete,1
Amino_acid_metabolism,e_Amino_acid_metabolism,Lysine_metabolism,144,"M00525 Lysine biosynthesis, acetyl-DAP pathway, aspartate => lysine",bacteria,7,2-blocks-missing,3
Amino_acid_metabolism,e_Amino_acid_metabolism,Lysine_metabolism,145,"M00526 Lysine biosynthesis, DAP dehydrogenase pathway, aspartate => lysine",bacteria,8,complete,1
Amino_acid_metabolism,e_Amino_acid_metabolism,Lysine_metabolism,146,"M00527 Lysine biosynthesis, DAP aminotransferase pathway, aspartate => lysine",bacteria,9,complete,1
Amino_acid_metabolism,e_Amino_acid_metabolism,Lysine_metabolism,147,"M00030 Lysine biosynthesis, AAA pathway, 2-oxoglutarate => 2-aminoadipate => lysine",bacteria,5,incomplete,4
Amino_acid_metabolism,e_Amino_acid_metabolism,Lysine_metabolism,148,"M00433 Lysine biosynthesis, 2-oxoglutarate => 2-oxoadipate",bacteria,3,1-block-missing,2
Amino_acid_metabolism,e_Amino_acid_metabolism,Lysine_metabolism,149,"M00031 Lysine biosynthesis, mediated by LysW, 2-aminoadipate => lysine",bacteria,6,complete,1
Amino_acid_metabolism,e_Amino_acid_metabolism,Lysine_metabolism,150,"M00032 Lysine degradation, lysine => saccharopine => acetoacetyl-CoA",bacteria,8,2-blocks-missing,3
Amino_acid_metabolism,e_Amino_acid_metabolism,Lysine_metabolism,151,"M00956 Lysine degradation, bacteria, L-lysine => succinate",bacteria,7,complete,1
Amino_acid_metabolism,e_Amino_acid_metabolism,Lysine_metabolism,152,"M00957 Lysine degradation, bacteria, L-lysine => glutarate => succinate/acetyl-CoA",bacteria,12,1-block-missing,2
Amino_acid_metabolism,e_Amino_acid_metabolism,Lysine_metabolism,153,"M00960 Lysine degradation, bacteria, L-lysine => D-lysine => succinate",bacteria,1,incomplete,4
Amino_acid_metabolism,e_Amino_acid_metabolism,Arginine_and_proline_metabolism,154,"M00028 Ornithine biosynthesis, glutamate => ornithine",bacteria,10,complete,1
Amino_acid_metabolism,e_Amino_acid_metabolism,Arginine_and_proline_metabolism,155,"M00763 Ornithine biosynthesis, mediated by LysW, glutamate => ornithine",bacteria,5,1-block-missing,2
Amino_acid_metabolism,e_Amino_acid_metabolism,Arginine_and_proline_metabolism,156,"M00844 Arginine biosynthesis, ornithine => arginine",bacteria,4,complete,1
Amino_acid_metabolism,e_Amino_acid_metabolism,Arginine_and_proline_metabolism,157,"M00845 Arginine biosynthesis, glutamate => acetylcitrulline => arginine",bacteria,6,1-block-missing,2
Amino_acid_metabolism,e_Amino_acid_metabolism,Arginine_and_proline_metabolism,158,M00029 Urea cycle,bacteria,6,complete,1
Amino_acid_metabolism,e_Amino_acid_metabolism,Arginine_and_proline_metabolism,159,"M00015 Proline biosynthesis, glutamate => proline",bacteria,3,complete,1
Amino_acid_metabolism,e_Amino_acid_metabolism,Arginine_and_proline_metabolism,160,"M00970 Proline degradation, proline => glutamate",bacteria,3,complete,1
Amino_acid_metabolism,e_Amino_acid_metabolism,Arginine_and_proline_metabolism,161,M00972 Proline metabolism,bacteria,3,complete,1
Amino_acid_metabolism,e_Amino_acid_metabolism,Arginine_and_proline_metabolism,162,M00047 Creatine pathway,bacteria,2,1-block-missing,2
Amino_acid_metabolism,e_Amino_acid_metabolism,Arginine_and_proline_metabolism,163,"M00879 Arginine succinyltransferase pathway, arginine => glutamate",bacteria,5,complete,1
Amino_acid_metabolism,e_Amino_acid_metabolism,Polyamine_biosynthesis,164,"M00133 Polyamine biosynthesis, arginine => agmatine => putrescine => spermidine",bacteria,7,complete,1
Amino_acid_metabolism,e_Amino_acid_metabolism,Polyamine_biosynthesis,165,"M00134 Polyamine biosynthesis, arginine => ornithine => putrescine",bacteria,2,complete,1
Amino_acid_metabolism,e_Amino_acid_metabolism,Polyamine_biosynthesis,166,"M00135 GABA biosynthesis, eukaryotes, putrescine => GABA",bacteria,4,complete,1
Amino_acid_metabolism,e_Amino_acid_metabolism,Polyamine_biosynthesis,167,"M00136 GABA biosynthesis, prokaryotes, putrescine => GABA",bacteria,3,1-block-missing,2
Amino_acid_metabolism,e_Amino_acid_metabolism,Histidine_metabolism,168,"M00026 Histidine biosynthesis, PRPP => histidine",bacteria,16,complete,1
Amino_acid_metabolism,e_Amino_acid_metabolism,Histidine_metabolism,169,"M00045 Histidine degradation, histidine => N-formiminoglutamate => glutamate",bacteria,8,complete,1
Amino_acid_metabolism,e_Amino_acid_metabolism,Aromatic_amino_acid_metabolism,170,"M00022 Shikimate pathway, phosphoenolpyruvate + erythrose-4P => chorismate",bacteria,13,complete,1
Amino_acid_metabolism,e_Amino_acid_metabolism,Aromatic_amino_acid_metabolism,171,"M00023 Tryptophan biosynthesis, chorismate => tryptophan",bacteria,13,complete,1
Amino_acid_metabolism,e_Amino_acid_metabolism,Aromatic_amino_acid_metabolism,172,"M00024 Phenylalanine biosynthesis, chorismate => phenylpyruvate => phenylalanine",bacteria,10,complete,1
Amino_acid_metabolism,e_Amino_acid_metabolism,Aromatic_amino_acid_metabolism,173,"M00910 Phenylalanine biosynthesis, chorismate => arogenate => phenylalanine",bacteria,2,1-block-missing,2
Amino_acid_metabolism,e_Amino_acid_metabolism,Aromatic_amino_acid_metabolism,174,"M00025 Tyrosine biosynthesis, chorismate => HPP => tyrosine",bacteria,10,complete,1
Amino_acid_metabolism,e_Amino_acid_metabolism,Aromatic_amino_acid_metabolism,175,"M00040 Tyrosine biosynthesis, chorismate => arogenate => tyrosine",bacteria,6,complete,1
Amino_acid_metabolism,e_Amino_acid_metabolism,Aromatic_amino_acid_metabolism,176,"M00042 Catecholamine biosynthesis, tyrosine => dopamine => noradrenaline => adrenaline",bacteria,4,1-block-missing,2
Amino_acid_metabolism,e_Amino_acid_metabolism,Aromatic_amino_acid_metabolism,177,"M00044 Tyrosine degradation, tyrosine => homogentisate",bacteria,5,complete,1
Amino_acid_metabolism,e_Amino_acid_metabolism,Aromatic_amino_acid_metabolism,178,"M00533 Homoprotocatechuate degradation, homoprotocatechuate => 2-oxohept-3-enedioate",bacteria,4,complete,1
Amino_acid_metabolism,e_Amino_acid_metabolism,Aromatic_amino_acid_metabolism,179,"M00037 Melatonin biosynthesis, animals, tryptophan => serotonin => melatonin",bacteria,1,incomplete,4
Amino_acid_metabolism,e_Amino_acid_metabolism,Aromatic_amino_acid_metabolism,180,"M00936 Melatonin biosynthesis, plants, tryptophan => serotonin => melatonin",bacteria,1,incomplete,4
Amino_acid_metabolism,e_Amino_acid_metabolism,Aromatic_amino_acid_metabolism,181,"M00038 Tryptophan metabolism, tryptophan => kynurenine => 2-aminomuconate",bacteria,9,complete,1
Amino_acid_metabolism,e_Amino_acid_metabolism,Other_amino_acid_metabolism,182,M00027 GABA(gamma-Aminobutyrate) shunt,bacteria,5,complete,1
Amino_acid_metabolism,e_Amino_acid_metabolism,Other_amino_acid_metabolism,183,"M00118 Glutathione biosynthesis, glutamate => glutathione",bacteria,2,complete,1
Amino_acid_metabolism,e_Amino_acid_metabolism,Other_amino_acid_metabolism,184,"M00948 Hydroxyproline degradation, trans-4-hydroxy-L-proline => 2-oxoglutarate",bacteria,1,incomplete,4
Glycan_metabolism,f_Glycan_metabolism,Glycan_biosynthesis,185,M00055 N-glycan precursor biosynthesis,bacteria,5,incomplete,4
Glycan_metabolism,f_Glycan_metabolism,Glycan_biosynthesis,186,"M00075 N-glycan biosynthesis, complex type",bacteria,1,incomplete,4
Glycan_metabolism,f_Glycan_metabolism,Glycan_biosynthesis,187,"M00056 O-glycan biosynthesis, mucin type core",bacteria,1,incomplete,4
Glycan_metabolism,f_Glycan_metabolism,Glycan_biosynthesis,188,"M00872 O-glycan biosynthesis, mannose type(core M3)",bacteria,1,incomplete,4
Glycan_metabolism,f_Glycan_metabolism,Glycan_biosynthesis,189,"M00065 GPI-anchor biosynthesis, core oligosaccharide",bacteria,3,incomplete,4
Glycan_metabolism,f_Glycan_metabolism,Glycosaminoglycan_metabolism,190,"M00059 Glycosaminoglycan biosynthesis, heparan sulfate backbone",bacteria,1,incomplete,4
Glycan_metabolism,f_Glycan_metabolism,Glycosaminoglycan_metabolism,191,M00076 Dermatan sulfate degradation,bacteria,2,incomplete,4
Glycan_metabolism,f_Glycan_metabolism,Glycosaminoglycan_metabolism,192,M00077 Chondroitin sulfate degradation,bacteria,3,1-block-missing,2
Glycan_metabolism,f_Glycan_metabolism,Glycosaminoglycan_metabolism,193,M00078 Heparan sulfate degradation,bacteria,4,incomplete,4
Glycan_metabolism,f_Glycan_metabolism,Glycosaminoglycan_metabolism,194,M00079 Keratan sulfate degradation,bacteria,3,1-block-missing,2
Glycan_metabolism,f_Glycan_metabolism,Lipopolysaccharide_metabolism,195,"M00060 KDO2-lipid A biosynthesis, Raetz pathway, LpxL-LpxM type",bacteria,10,complete,1
Glycan_metabolism,f_Glycan_metabolism,Lipopolysaccharide_metabolism,196,"M00866 KDO2-lipid A biosynthesis, Raetz pathway, non-LpxL-LpxM type",bacteria,10,complete,1
Glycan_metabolism,f_Glycan_metabolism,Lipopolysaccharide_metabolism,197,M00867 KDO2-lipid A modification pathway,bacteria,1,incomplete,4
Glycan_metabolism,f_Glycan_metabolism,Lipopolysaccharide_metabolism,198,M00063 CMP-KDO biosynthesis,bacteria,4,complete,1
Glycan_metabolism,f_Glycan_metabolism,Lipopolysaccharide_metabolism,199,M00064 ADP-L-glycero-D-manno-heptose biosynthesis,bacteria,4,complete,1
Glycan_metabolism,f_Glycan_metabolism,Lipopolysaccharide_metabolism,200,M00922 CMP-Neu5Ac biosynthesis,bacteria,2,1-block-missing,2
Glycan_metabolism,f_Glycan_metabolism,Lipopolysaccharide_metabolism,201,M00923 UDP-L-FucNAm biosynthesis,bacteria,1,incomplete,4
Metabolism_of_cofactors_and_vitamins,g_Metabolism_of_cofactors_and_vitamins,Cofactor_and_vitamin_metabolism,202,"M00127 Thiamine biosynthesis, prokaryotes, AIR(+ DXP/tyrosine) => TMP/TPP",bacteria,10,complete,1
Metabolism_of_cofactors_and_vitamins,g_Metabolism_of_cofactors_and_vitamins,Cofactor_and_vitamin_metabolism,203,"M00895 Thiamine biosynthesis, prokaryotes, AIR(+ DXP/glycine) => TMP/TPP",bacteria,9,1-block-missing,2
Metabolism_of_cofactors_and_vitamins,g_Metabolism_of_cofactors_and_vitamins,Cofactor_and_vitamin_metabolism,204,"M00896 Thiamine biosynthesis, archaea, AIR(+ NAD+) => TMP/TPP",bacteria,4,1-block-missing,2
Metabolism_of_cofactors_and_vitamins,g_Metabolism_of_cofactors_and_vitamins,Cofactor_and_vitamin_metabolism,205,"M00897 Thiamine biosynthesis, plants, AIR(+ NAD+) => TMP/thiamine/TPP",bacteria,4,1-block-missing,2
Metabolism_of_cofactors_and_vitamins,g_Metabolism_of_cofactors_and_vitamins,Cofactor_and_vitamin_metabolism,206,"M00898 Thiamine biosynthesis, pyridoxal-5P => TMP/thiamine/TPP",bacteria,2,incomplete,4
Metabolism_of_cofactors_and_vitamins,g_Metabolism_of_cofactors_and_vitamins,Cofactor_and_vitamin_metabolism,207,"M00899 Thiamine salvage pathway, HMP/HET => TMP",bacteria,4,complete,1
Metabolism_of_cofactors_and_vitamins,g_Metabolism_of_cofactors_and_vitamins,Cofactor_and_vitamin_metabolism,208,"M00125 Riboflavin biosynthesis, plants and bacteria, GTP => riboflavin/FMN/FAD",bacteria,8,1-block-missing,2
Metabolism_of_cofactors_and_vitamins,g_Metabolism_of_cofactors_and_vitamins,Cofactor_and_vitamin_metabolism,209,"M00911 Riboflavin biosynthesis, fungi, GTP => riboflavin/FMN/FAD",bacteria,7,1-block-missing,2
Metabolism_of_cofactors_and_vitamins,g_Metabolism_of_cofactors_and_vitamins,Cofactor_and_vitamin_metabolism,210,"M00124 Pyridoxal-P biosynthesis, erythrose-4P => pyridoxal-P",bacteria,6,complete,1
Metabolism_of_cofactors_and_vitamins,g_Metabolism_of_cofactors_and_vitamins,Cofactor_and_vitamin_metabolism,211,"M00916 Pyridoxal-P biosynthesis, R5P + glyceraldehyde-3P + glutamine => pyridoxal-P",bacteria,2,complete,1
Metabolism_of_cofactors_and_vitamins,g_Metabolism_of_cofactors_and_vitamins,Cofactor_and_vitamin_metabolism,212,"M00115 NAD biosynthesis, aspartate => quinolinate => NAD",bacteria,7,complete,1
Metabolism_of_cofactors_and_vitamins,g_Metabolism_of_cofactors_and_vitamins,Cofactor_and_vitamin_metabolism,213,"M00912 NAD biosynthesis, tryptophan => quinolinate => NAD",bacteria,11,complete,1
Metabolism_of_cofactors_and_vitamins,g_Metabolism_of_cofactors_and_vitamins,Cofactor_and_vitamin_metabolism,214,"M00622 Nicotinate degradation, nicotinate => fumarate",bacteria,3,incomplete,4
Metabolism_of_cofactors_and_vitamins,g_Metabolism_of_cofactors_and_vitamins,Cofactor_and_vitamin_metabolism,215,"M00119 Pantothenate biosynthesis, valine/L-aspartate => pantothenate",bacteria,5,complete,1
Metabolism_of_cofactors_and_vitamins,g_Metabolism_of_cofactors_and_vitamins,Cofactor_and_vitamin_metabolism,216,"M00913 Pantothenate biosynthesis, 2-oxoisovalerate/spermine => pantothenate",bacteria,4,1-block-missing,2
Metabolism_of_cofactors_and_vitamins,g_Metabolism_of_cofactors_and_vitamins,Cofactor_and_vitamin_metabolism,217,"M00120 Coenzyme A biosynthesis, pantothenate => CoA",bacteria,10,complete,1
Metabolism_of_cofactors_and_vitamins,g_Metabolism_of_cofactors_and_vitamins,Cofactor_and_vitamin_metabolism,218,"M00914 Coenzyme A biosynthesis, archaea, 2-oxoisovalerate => 4-phosphopantoate => CoA",bacteria,7,complete,1
Metabolism_of_cofactors_and_vitamins,g_Metabolism_of_cofactors_and_vitamins,Cofactor_and_vitamin_metabolism,219,"M00572 Pimeloyl-ACP biosynthesis, BioC-BioH pathway, malonyl-ACP => pimeloyl-ACP",bacteria,7,complete,1
Metabolism_of_cofactors_and_vitamins,g_Metabolism_of_cofactors_and_vitamins,Cofactor_and_vitamin_metabolism,220,"M00123 Biotin biosynthesis, pimeloyl-ACP/CoA => biotin",bacteria,4,complete,1
Metabolism_of_cofactors_and_vitamins,g_Metabolism_of_cofactors_and_vitamins,Cofactor_and_vitamin_metabolism,221,"M00950 Biotin biosynthesis, BioU pathway, pimeloyl-ACP/CoA => biotin",bacteria,3,1-block-missing,2
Metabolism_of_cofactors_and_vitamins,g_Metabolism_of_cofactors_and_vitamins,Cofactor_and_vitamin_metabolism,222,"M00573 Biotin biosynthesis, BioI pathway, long-chain-acyl-ACP => pimeloyl-ACP => biotin",bacteria,3,2-blocks-missing,3
Metabolism_of_cofactors_and_vitamins,g_Metabolism_of_cofactors_and_vitamins,Cofactor_and_vitamin_metabolism,223,"M00577 Biotin biosynthesis, BioW pathway, pimelate => pimeloyl-CoA => biotin",bacteria,5,complete,1
Metabolism_of_cofactors_and_vitamins,g_Metabolism_of_cofactors_and_vitamins,Cofactor_and_vitamin_metabolism,224,"M00881 Lipoic acid biosynthesis, plants and bacteria, octanoyl-ACP => dihydrolipoyl-E2/H",bacteria,2,complete,1
Metabolism_of_cofactors_and_vitamins,g_Metabolism_of_cofactors_and_vitamins,Cofactor_and_vitamin_metabolism,225,"M00882 Lipoic acid biosynthesis, eukaryotes, octanoyl-ACP => dihydrolipoyl-H",bacteria,1,1-block-missing,2
Metabolism_of_cofactors_and_vitamins,g_Metabolism_of_cofactors_and_vitamins,Cofactor_and_vitamin_metabolism,226,"M00883 Lipoic acid biosynthesis, animals and bacteria, octanoyl-ACP => dihydrolipoyl-H => dihydrolipoyl-E2",bacteria,1,2-blocks-missing,3
Metabolism_of_cofactors_and_vitamins,g_Metabolism_of_cofactors_and_vitamins,Cofactor_and_vitamin_metabolism,227,"M00884 Lipoic acid biosynthesis, octanoyl-CoA => dihydrolipoyl-E2",bacteria,1,1-block-missing,2
Metabolism_of_cofactors_and_vitamins,g_Metabolism_of_cofactors_and_vitamins,Cofactor_and_vitamin_metabolism,228,"M00126 Tetrahydrofolate biosynthesis, GTP => THF",bacteria,14,complete,1
Metabolism_of_cofactors_and_vitamins,g_Metabolism_of_cofactors_and_vitamins,Cofactor_and_vitamin_metabolism,229,"M00840 Tetrahydrofolate biosynthesis, mediated by ribA and trpF, GTP => THF",bacteria,4,2-blocks-missing,3
Metabolism_of_cofactors_and_vitamins,g_Metabolism_of_cofactors_and_vitamins,Cofactor_and_vitamin_metabolism,230,"M00841 Tetrahydrofolate biosynthesis, mediated by PTPS, GTP => THF",bacteria,4,1-block-missing,2
Metabolism_of_cofactors_and_vitamins,g_Metabolism_of_cofactors_and_vitamins,Cofactor_and_vitamin_metabolism,231,"M00842 Tetrahydrobiopterin biosynthesis, GTP => BH4",bacteria,2,1-block-missing,2
Metabolism_of_cofactors_and_vitamins,g_Metabolism_of_cofactors_and_vitamins,Cofactor_and_vitamin_metabolism,232,"M00843 L-threo-Tetrahydrobiopterin biosynthesis, GTP => L-threo-BH4",bacteria,2,1-block-missing,2
Metabolism_of_cofactors_and_vitamins,g_Metabolism_of_cofactors_and_vitamins,Cofactor_and_vitamin_metabolism,233,"M00880 Molybdenum cofactor biosynthesis, GTP => molybdenum cofactor",bacteria,6,complete,1
Metabolism_of_cofactors_and_vitamins,g_Metabolism_of_cofactors_and_vitamins,Cofactor_and_vitamin_metabolism,234,"M00140 C1-unit interconversion, prokaryotes",bacteria,4,complete,1
Metabolism_of_cofactors_and_vitamins,g_Metabolism_of_cofactors_and_vitamins,Cofactor_and_vitamin_metabolism,235,"M00141 C1-unit interconversion, eukaryotes",bacteria,4,complete,1
Metabolism_of_cofactors_and_vitamins,g_Metabolism_of_cofactors_and_vitamins,Cofactor_and_vitamin_metabolism,236,"M00846 Siroheme biosynthesis, glutamyl-tRNA => siroheme",bacteria,11,complete,1
Metabolism_of_cofactors_and_vitamins,g_Metabolism_of_cofactors_and_vitamins,Cofactor_and_vitamin_metabolism,237,"M00868 Heme biosynthesis, animals and fungi, glycine => heme",bacteria,8,complete,1
Metabolism_of_cofactors_and_vitamins,g_Metabolism_of_cofactors_and_vitamins,Cofactor_and_vitamin_metabolism,238,"M00121 Heme biosynthesis, plants and bacteria, glutamate => heme",bacteria,15,complete,1
Metabolism_of_cofactors_and_vitamins,g_Metabolism_of_cofactors_and_vitamins,Cofactor_and_vitamin_metabolism,239,"M00926 Heme biosynthesis, bacteria, glutamyl-tRNA => coproporphyrin III => heme",bacteria,10,complete,1
Metabolism_of_cofactors_and_vitamins,g_Metabolism_of_cofactors_and_vitamins,Cofactor_and_vitamin_metabolism,240,"M00924 Cobalamin biosynthesis, anaerobic, uroporphyrinogen III => sirohydrochlorin => cobyrinate a,c-diamide",bacteria,18,complete,1
Metabolism_of_cofactors_and_vitamins,g_Metabolism_of_cofactors_and_vitamins,Cofactor_and_vitamin_metabolism,241,"M00925 Cobalamin biosynthesis, aerobic, uroporphyrinogen III => precorrin 2 => cobyrinate a,c-diamide",bacteria,15,complete,1
Metabolism_of_cofactors_and_vitamins,g_Metabolism_of_cofactors_and_vitamins,Cofactor_and_vitamin_metabolism,242,"M00122 Cobalamin biosynthesis, cobyrinate a,c-diamide => cobalamin",bacteria,8,complete,1
Metabolism_of_cofactors_and_vitamins,g_Metabolism_of_cofactors_and_vitamins,Cofactor_and_vitamin_metabolism,243,"M00117 Ubiquinone biosynthesis, prokaryotes, chorismate(+ polyprenyl-PP) => ubiquinol",bacteria,9,1-block-missing,2
Metabolism_of_cofactors_and_vitamins,g_Metabolism_of_cofactors_and_vitamins,Cofactor_and_vitamin_metabolism,244,"M00128 Ubiquinone biosynthesis, eukaryotes, 4-hydroxybenzoate + polyprenyl-PP => ubiquinol",bacteria,2,incomplete,4
Metabolism_of_cofactors_and_vitamins,g_Metabolism_of_cofactors_and_vitamins,Cofactor_and_vitamin_metabolism,245,"M00116 Menaquinone biosynthesis, chorismate(+ polyprenyl-PP) => menaquinol",bacteria,8,1-block-missing,2
Metabolism_of_cofactors_and_vitamins,g_Metabolism_of_cofactors_and_vitamins,Cofactor_and_vitamin_metabolism,246,"M00930 Menaquinone biosynthesis, futalosine pathway",bacteria,1,incomplete,4
Metabolism_of_cofactors_and_vitamins,g_Metabolism_of_cofactors_and_vitamins,Cofactor_and_vitamin_metabolism,247,"M00931 Menaquinone biosynthesis, modified futalosine pathway",bacteria,1,incomplete,4
Metabolism_of_cofactors_and_vitamins,g_Metabolism_of_cofactors_and_vitamins,Cofactor_and_vitamin_metabolism,248,"M00932 Phylloquinone biosynthesis, chorismate(+ phytyl-PP) => phylloquinol",bacteria,8,incomplete,4
Metabolism_of_cofactors_and_vitamins,g_Metabolism_of_cofactors_and_vitamins,Cofactor_and_vitamin_metabolism,249,"M00112 Tocopherol/tocotorienol biosynthesis, homogentisate + phytyl/geranylgeranyl-PP => tocopherol/tocotorienol",bacteria,3,1-block-missing,2
Metabolism_of_cofactors_and_vitamins,g_Metabolism_of_cofactors_and_vitamins,Cofactor_and_vitamin_metabolism,250,"M00933 Plastoquinone biosynthesis, homogentisate + solanesyl-PP => plastoquinol",bacteria,2,complete,1
Biosynthesis_of_terpenoids_and_polyketides,h_Biosynthesis_of_terpenoids_and_polyketides,Terpenoid_backbone_biosynthesis,251,"M00095 C5 isoprenoid biosynthesis, mevalonate pathway",bacteria,8,complete,1
Biosynthesis_of_terpenoids_and_polyketides,h_Biosynthesis_of_terpenoids_and_polyketides,Terpenoid_backbone_biosynthesis,252,"M00849 C5 isoprenoid biosynthesis, mevalonate pathway, archaea",bacteria,9,1-block-missing,2
Biosynthesis_of_terpenoids_and_polyketides,h_Biosynthesis_of_terpenoids_and_polyketides,Terpenoid_backbone_biosynthesis,253,"M00096 C5 isoprenoid biosynthesis, non-mevalonate pathway",bacteria,9,complete,1
Biosynthesis_of_terpenoids_and_polyketides,h_Biosynthesis_of_terpenoids_and_polyketides,Terpenoid_backbone_biosynthesis,254,"M00364 C10-C20 isoprenoid biosynthesis, bacteria",bacteria,4,complete,1
Biosynthesis_of_terpenoids_and_polyketides,h_Biosynthesis_of_terpenoids_and_polyketides,Terpenoid_backbone_biosynthesis,255,"M00365 C10-C20 isoprenoid biosynthesis, archaea",bacteria,2,complete,1
Biosynthesis_of_terpenoids_and_polyketides,h_Biosynthesis_of_terpenoids_and_polyketides,Terpenoid_backbone_biosynthesis,256,"M00366 C10-C20 isoprenoid biosynthesis, plants",bacteria,2,2-blocks-missing,3
Biosynthesis_of_terpenoids_and_polyketides,h_Biosynthesis_of_terpenoids_and_polyketides,Terpenoid_backbone_biosynthesis,257,"M00367 C10-C20 isoprenoid biosynthesis, non-plant eukaryotes",bacteria,2,1-block-missing,2
Biosynthesis_of_terpenoids_and_polyketides,h_Biosynthesis_of_terpenoids_and_polyketides,Plant_terpenoid_biosynthesis,258,"M00097 beta-Carotene biosynthesis, GGAP => beta-carotene",bacteria,5,1-block-missing,2
Biosynthesis_of_terpenoids_and_polyketides,h_Biosynthesis_of_terpenoids_and_polyketides,Plant_terpenoid_biosynthesis,259,"M00372 Abscisic acid biosynthesis, beta-carotene => abscisic acid",bacteria,1,incomplete,4
Biosynthesis_of_terpenoids_and_polyketides,h_Biosynthesis_of_terpenoids_and_polyketides,Plant_terpenoid_biosynthesis,260,"M00371 Castasterone biosynthesis, campesterol => castasterone",bacteria,1,incomplete,4
Biosynthesis_of_terpenoids_and_polyketides,h_Biosynthesis_of_terpenoids_and_polyketides,Enediyne_biosynthesis,261,"M00824 9-membered enediyne core biosynthesis, malonyl-CoA => 3-hydroxyhexadeca-4,6,8,10,12,14-hexaenoyl-ACP => 9-membered enediyne core",bacteria,1,1-block-missing,2
Biosynthesis_of_terpenoids_and_polyketides,h_Biosynthesis_of_terpenoids_and_polyketides,Enediyne_biosynthesis,262,"M00825 10-membered enediyne core biosynthesis, malonyl-CoA => 3-hydroxyhexadeca-4,6,8,10,12,14-hexaenoyl-ACP => 10-membered enediyne core",bacteria,1,1-block-missing,2
Biosynthesis_of_terpenoids_and_polyketides,h_Biosynthesis_of_terpenoids_and_polyketides,Type_II_polyketide_biosynthesis,263,"M00778 Type II polyketide backbone biosynthesis, acyl-CoA + malonyl-CoA => polyketide",bacteria,3,2-blocks-missing,3
Biosynthesis_of_terpenoids_and_polyketides,h_Biosynthesis_of_terpenoids_and_polyketides,Polyketide_sugar_unit_biosynthesis,264,M00793 dTDP-L-rhamnose biosynthesis,bacteria,4,complete,1
Biosynthesis_of_other_secondary_metabolites,i_Biosynthesis_of_other_secondary_metabolites,Biosynthesis_of_phytochemical_compounds,265,"M00039 Monolignol biosynthesis, phenylalanine/tyrosine => monolignol",bacteria,2,incomplete,4
Biosynthesis_of_other_secondary_metabolites,i_Biosynthesis_of_other_secondary_metabolites,Biosynthesis_of_phytochemical_compounds,266,"M00137 Flavanone biosynthesis, phenylalanine => naringenin",bacteria,1,incomplete,4
Biosynthesis_of_other_secondary_metabolites,i_Biosynthesis_of_other_secondary_metabolites,Biosynthesis_of_phytochemical_compounds,267,"M00942 Pterocarpan biosynthesis, daidzein => medicarpin",bacteria,1,incomplete,4
Biosynthesis_of_other_secondary_metabolites,i_Biosynthesis_of_other_secondary_metabolites,Biosynthesis_of_phytochemical_compounds,268,"M00953 Mugineic acid biosynthesis, methionine => 3-epihydroxymugineic acid",bacteria,2,incomplete,4
Biosynthesis_of_other_secondary_metabolites,i_Biosynthesis_of_other_secondary_metabolites,Biosynthesis_of_beta-lactams,269,"M00672 Penicillin biosynthesis, aminoadipate + cycteine + valine => penicillin",bacteria,2,1-block-missing,2
Biosynthesis_of_other_secondary_metabolites,i_Biosynthesis_of_other_secondary_metabolites,Biosynthesis_of_beta-lactams,270,"M00673 Cephamycin C biosynthesis, aminoadipate + cycteine + valine => cephamycin C",bacteria,3,incomplete,4
Biosynthesis_of_other_secondary_metabolites,i_Biosynthesis_of_other_secondary_metabolites,Biosynthesis_of_beta-lactams,271,"M00674 Clavaminate biosynthesis, arginine + glyceraldehyde-3P => clavaminate",bacteria,2,2-blocks-missing,3
Biosynthesis_of_other_secondary_metabolites,i_Biosynthesis_of_other_secondary_metabolites,Biosynthesis_of_other_antibiotics,272,"M00903 Fosfomycin biosynthesis, phosphoenolpyruvate => fosfomycin",bacteria,1,incomplete,4
Biosynthesis_of_other_secondary_metabolites,i_Biosynthesis_of_other_secondary_metabolites,Biosynthesis_of_other_bacterial_compounds,273,"M00789 Rebeccamycin biosynthesis, tryptophan => rebeccamycin",bacteria,1,incomplete,4
Biosynthesis_of_other_secondary_metabolites,i_Biosynthesis_of_other_secondary_metabolites,Biosynthesis_of_other_bacterial_compounds,274,"M00790 Pyrrolnitrin biosynthesis, tryptophan => pyrrolnitrin",bacteria,2,2-blocks-missing,3
Biosynthesis_of_other_secondary_metabolites,i_Biosynthesis_of_other_secondary_metabolites,Biosynthesis_of_other_bacterial_compounds,275,"M00835 Pyocyanine biosynthesis, chorismate => pyocyanine",bacteria,2,incomplete,4
Biosynthesis_of_other_secondary_metabolites,i_Biosynthesis_of_other_secondary_metabolites,Biosynthesis_of_other_bacterial_compounds,276,"M00921 Cyclooctatin biosynthesis, dimethylallyl-PP + isopentenyl-PP => cyclooctatin",bacteria,1,incomplete,4
Xenobiotics_biodegradation,j_Xenobiotics_biodegradation,Aromatics_degradation,277,"M00538 Toluene degradation, toluene => benzoate",bacteria,8,complete,1
Xenobiotics_biodegradation,j_Xenobiotics_biodegradation,Aromatics_degradation,278,"M00537 Xylene degradation, xylene => methylbenzoate",bacteria,2,1-block-missing,2
Xenobiotics_biodegradation,j_Xenobiotics_biodegradation,Aromatics_degradation,279,"M00551 Benzoate degradation, benzoate => catechol / methylbenzoate => methylcatechol",bacteria,4,complete,1
Xenobiotics_biodegradation,j_Xenobiotics_biodegradation,Aromatics_degradation,280,"M00568 Catechol ortho-cleavage, catechol => 3-oxoadipate",bacteria,5,complete,1
Xenobiotics_biodegradation,j_Xenobiotics_biodegradation,Aromatics_degradation,281,"M00569 Catechol meta-cleavage, catechol => acetyl-CoA / 4-methylcatechol => propanoyl-CoA",bacteria,8,complete,1
Xenobiotics_biodegradation,j_Xenobiotics_biodegradation,Aromatics_degradation,282,"M00543 Biphenyl degradation, biphenyl => 2-oxopent-4-enoate + benzoate",bacteria,3,incomplete,4
Xenobiotics_biodegradation,j_Xenobiotics_biodegradation,Aromatics_degradation,283,"M00418 Toluene degradation, anaerobic, toluene => benzoyl-CoA",bacteria,9,complete,1
Xenobiotics_biodegradation,j_Xenobiotics_biodegradation,Aromatics_degradation,284,"M00541 Benzoyl-CoA degradation, benzoyl-CoA => 3-hydroxypimeloyl-CoA",bacteria,7,complete,1
Xenobiotics_biodegradation,j_Xenobiotics_biodegradation,Aromatics_degradation,285,"M00540 Benzoate degradation, cyclohexanecarboxylic acid =>pimeloyl-CoA",bacteria,4,1-block-missing,2
Xenobiotics_biodegradation,j_Xenobiotics_biodegradation,Aromatics_degradation,286,"M00534 Naphthalene degradation, naphthalene => salicylate",bacteria,5,incomplete,4
Xenobiotics_biodegradation,j_Xenobiotics_biodegradation,Aromatics_degradation,287,"M00623 Phthalate degradation, phthalate => protocatechuate",bacteria,1,2-blocks-missing,3
Xenobiotics_biodegradation,j_Xenobiotics_biodegradation,Aromatics_degradation,288,"M00878 Phenylacetate degradation, phenylaxetate => acetyl-CoA/succinyl-CoA",bacteria,10,1-block-missing,2
Xenobiotics_biodegradation,j_Xenobiotics_biodegradation,Aromatics_degradation,289,"M00545 Trans-cinnamate degradation, trans-cinnamate => acetyl-CoA",bacteria,11,complete,1
Carbohydrate_metabolism,a_Carbohydrate_metabolism,Central_carbohydrate_metabolism,1,"M00001 Glycolysis(Embden-Meyerhof pathway), glucose => pyruvate",virus,11,1-block-missing,2
Carbohydrate_metabolism,a_Carbohydrate_metabolism,Central_carbohydrate_metabolism,2,"M00002 Glycolysis, core module involving three-carbon compounds",virus,7,complete,1
Carbohydrate_metabolism,a_Carbohydrate_metabolism,Central_carbohydrate_metabolism,3,"M00003 Gluconeogenesis, oxaloacetate => fructose-6P",virus,11,complete,1
Carbohydrate_metabolism,a_Carbohydrate_metabolism,Central_carbohydrate_metabolism,4,"M00307 Pyruvate oxidation, pyruvate => acetyl-CoA",virus,4,complete,1
Carbohydrate_metabolism,a_Carbohydrate_metabolism,Central_carbohydrate_metabolism,5,"M00009 Citrate cycle(TCA cycle, Krebs cycle)",virus,5,incomplete,4
Carbohydrate_metabolism,a_Carbohydrate_metabolism,Central_carbohydrate_metabolism,6,"M00010 Citrate cycle, first carbon oxidation, oxaloacetate => 2-oxoglutarate",virus,2,1-block-missing,2
Carbohydrate_metabolism,a_Carbohydrate_metabolism,Central_carbohydrate_metabolism,7,"M00011 Citrate cycle, second carbon oxidation, 2-oxoglutarate => oxaloacetate",virus,3,incomplete,4
Carbohydrate_metabolism,a_Carbohydrate_metabolism,Central_carbohydrate_metabolism,8,M00004 Pentose phosphate pathway(Pentose phosphate cycle),virus,7,1-block-missing,2
Carbohydrate_metabolism,a_Carbohydrate_metabolism,Central_carbohydrate_metabolism,9,"M00006 Pentose phosphate pathway, oxidative phase, glucose 6P => ribulose 5P",virus,2,1-block-missing,2
Carbohydrate_metabolism,a_Carbohydrate_metabolism,Central_carbohydrate_metabolism,10,"M00007 Pentose phosphate pathway, non-oxidative phase, fructose 6P => ribose 5P",virus,4,complete,1
Carbohydrate_metabolism,a_Carbohydrate_metabolism,Central_carbohydrate_metabolism,11,"M00580 Pentose phosphate pathway, archaea, fructose 6P => ribose 5P",virus,,,
Carbohydrate_metabolism,a_Carbohydrate_metabolism,Central_carbohydrate_metabolism,12,"M00005 PRPP biosynthesis, ribose 5P => PRPP",virus,1,complete,1
Carbohydrate_metabolism,a_Carbohydrate_metabolism,Central_carbohydrate_metabolism,13,"M00008 Entner-Doudoroff pathway, glucose-6P => glyceraldehyde-3P + pyruvate",virus,2,2-blocks-missing,3
Carbohydrate_metabolism,a_Carbohydrate_metabolism,Central_carbohydrate_metabolism,14,"M00308 Semi-phosphorylative Entner-Doudoroff pathway, gluconate => glycerate-3P",virus,2,incomplete,4
Carbohydrate_metabolism,a_Carbohydrate_metabolism,Central_carbohydrate_metabolism,15,"M00309 Non-phosphorylative Entner-Doudoroff pathway, gluconate/galactonate => glycerate",virus,,,
Carbohydrate_metabolism,a_Carbohydrate_metabolism,Other_carbohydrate_metabolism,16,M00014 Glucuronate pathway(uronate pathway),virus,1,incomplete,4
Carbohydrate_metabolism,a_Carbohydrate_metabolism,Other_carbohydrate_metabolism,17,"M00631 D-Galacturonate degradation(bacteria), D-galacturonate => pyruvate + D-glyceraldehyde 3P",virus,,,
Carbohydrate_metabolism,a_Carbohydrate_metabolism,Other_carbohydrate_metabolism,18,"M00061 D-Glucuronate degradation, D-glucuronate => pyruvate + D-glyceraldehyde 3P",virus,,,
Carbohydrate_metabolism,a_Carbohydrate_metabolism,Other_carbohydrate_metabolism,19,M00081 Pectin degradation,virus,,,
Carbohydrate_metabolism,a_Carbohydrate_metabolism,Other_carbohydrate_metabolism,20,"M00632 Galactose degradation, Leloir pathway, galactose => alpha-D-glucose-1P",virus,2,2-blocks-missing,3
Carbohydrate_metabolism,a_Carbohydrate_metabolism,Other_carbohydrate_metabolism,21,"M00552 D-galactonate degradation, De Ley-Doudoroff pathway, D-galactonate => glycerate-3P",virus,2,incomplete,4
Carbohydrate_metabolism,a_Carbohydrate_metabolism,Other_carbohydrate_metabolism,22,"M00129 Ascorbate biosynthesis, animals, glucose-1P => ascorbate",virus,3,incomplete,4
Carbohydrate_metabolism,a_Carbohydrate_metabolism,Other_carbohydrate_metabolism,23,"M00114 Ascorbate biosynthesis, plants, fructose-6P => ascorbate",virus,2,incomplete,4
Carbohydrate_metabolism,a_Carbohydrate_metabolism,Other_carbohydrate_metabolism,24,"M00550 Ascorbate degradation, ascorbate => D-xylulose-5P",virus,,,
Carbohydrate_metabolism,a_Carbohydrate_metabolism,Other_carbohydrate_metabolism,25,"M00854 Glycogen biosynthesis, glucose-1P => glycogen/starch",virus,,,
Carbohydrate_metabolism,a_Carbohydrate_metabolism,Other_carbohydrate_metabolism,26,"M00855 Glycogen degradation, glycogen => glucose-6P",virus,,,
Carbohydrate_metabolism,a_Carbohydrate_metabolism,Other_carbohydrate_metabolism,27,"M00565 Trehalose biosynthesis, D-glucose 1P => trehalose",virus,,,
Carbohydrate_metabolism,a_Carbohydrate_metabolism,Other_carbohydrate_metabolism,28,"M00549 Nucleotide sugar biosynthesis, glucose => UDP-glucose",virus,1,2-blocks-missing,3
Carbohydrate_metabolism,a_Carbohydrate_metabolism,Other_carbohydrate_metabolism,29,"M00554 Nucleotide sugar biosynthesis, galactose => UDP-galactose",virus,1,1-block-missing,2
Carbohydrate_metabolism,a_Carbohydrate_metabolism,Other_carbohydrate_metabolism,30,"M00892 UDP-N-acetyl-D-glucosamine biosynthesis, eukaryotes, glucose => UDP-GlcNAc",virus,,,
Carbohydrate_metabolism,a_Carbohydrate_metabolism,Other_carbohydrate_metabolism,31,"M00909 UDP-N-acetyl-D-glucosamine biosynthesis, prokaryotes, glucose => UDP-GlcNAc",virus,1,incomplete,4
Carbohydrate_metabolism,a_Carbohydrate_metabolism,Other_carbohydrate_metabolism,32,"M00761 Undecaprenylphosphate alpha-L-Ara4N biosynthesis, UDP-GlcA => undecaprenyl phosphate alpha-L-Ara4N",virus,,,
Carbohydrate_metabolism,a_Carbohydrate_metabolism,Other_carbohydrate_metabolism,33,M00012 Glyoxylate cycle,virus,4,1-block-missing,2
Carbohydrate_metabolism,a_Carbohydrate_metabolism,Other_carbohydrate_metabolism,34,M00373 Ethylmalonyl pathway,virus,,,
Carbohydrate_metabolism,a_Carbohydrate_metabolism,Other_carbohydrate_metabolism,35,M00740 Methylaspartate cycle,virus,3,incomplete,4
Carbohydrate_metabolism,a_Carbohydrate_metabolism,Other_carbohydrate_metabolism,36,M00532 Photorespiration,virus,2,incomplete,4
Carbohydrate_metabolism,a_Carbohydrate_metabolism,Other_carbohydrate_metabolism,37,"M00013 Malonate semialdehyde pathway, propanoyl-CoA => acetyl-CoA",virus,,,
Carbohydrate_metabolism,a_Carbohydrate_metabolism,Other_carbohydrate_metabolism,38,"M00741 Propanoyl-CoA metabolism, propanoyl-CoA => succinyl-CoA",virus,,,
Carbohydrate_metabolism,a_Carbohydrate_metabolism,Other_carbohydrate_metabolism,39,"M00968 Pentose bisphosphate pathway(nucleoside degradation), archaea, nucleoside/NMP => 3-PGA/glycerone phosphate",virus,1,2-blocks-missing,3
Carbohydrate_metabolism,a_Carbohydrate_metabolism,Other_carbohydrate_metabolism,40,"M00130 Inositol phosphate metabolism, PI=> PIP2 => Ins(1,4,5)P3 => Ins(1,3,4,5)P4",virus,,,
Carbohydrate_metabolism,a_Carbohydrate_metabolism,Other_carbohydrate_metabolism,41,"M00131 Inositol phosphate metabolism, Ins(1,3,4,5)P4 => Ins(1,3,4)P3 => myo-inositol",virus,,,
Energy_metabolism,b_Energy_metabolism,Carbon_fixation,42,M00165 Reductive pentose phosphate cycle(Calvin cycle),virus,11,2-blocks-missing,3
Energy_metabolism,b_Energy_metabolism,Carbon_fixation,43,"M00168 CAM(Crassulacean acid metabolism), dark",virus,2,complete,1
Energy_metabolism,b_Energy_metabolism,Carbon_fixation,44,"M00169 CAM(Crassulacean acid metabolism), light",virus,1,1-block-missing,2
Energy_metabolism,b_Energy_metabolism,Carbon_fixation,45,"M00172 C4-dicarboxylic acid cycle, NADP - malic enzyme type",virus,2,2-blocks-missing,3
Energy_metabolism,b_Energy_metabolism,Carbon_fixation,46,"M00171 C4-dicarboxylic acid cycle, NAD - malic enzyme type",virus,2,incomplete,4
Energy_metabolism,b_Energy_metabolism,Carbon_fixation,47,"M00170 C4-dicarboxylic acid cycle, phosphoenolpyruvate carboxykinase type",virus,2,2-blocks-missing,3
Energy_metabolism,b_Energy_metabolism,Carbon_fixation,48,M00173 Reductive citrate cycle(Arnon-Buchanan cycle),virus,4,incomplete,4
Energy_metabolism,b_Energy_metabolism,Carbon_fixation,49,M00376 3-Hydroxypropionate bi-cycle,virus,,,
Energy_metabolism,b_Energy_metabolism,Carbon_fixation,50,M00375 Hydroxypropionate-hydroxybutylate cycle,virus,,,
Energy_metabolism,b_Energy_metabolism,Carbon_fixation,51,M00374 Dicarboxylate-hydroxybutyrate cycle,virus,3,incomplete,4
Energy_metabolism,b_Energy_metabolism,Carbon_fixation,52,M00377 Reductive acetyl-CoA pathway(Wood-Ljungdahl pathway),virus,1,incomplete,4
Energy_metabolism,b_Energy_metabolism,Carbon_fixation,53,"M00579 Phosphate acetyltransferase-acetate kinase pathway, acetyl-CoA => acetate",virus,1,1-block-missing,2
Energy_metabolism,b_Energy_metabolism,Carbon_fixation,54,"M00620 Incomplete reductive citrate cycle, acetyl-CoA => oxoglutarate",virus,1,incomplete,4
Energy_metabolism,b_Energy_metabolism,Methane_metabolism,55,"M00567 Methanogenesis, CO2 => methane",virus,,,
Energy_metabolism,b_Energy_metabolism,Methane_metabolism,56,"M00357 Methanogenesis, acetate => methane",virus,,,
Energy_metabolism,b_Energy_metabolism,Methane_metabolism,57,"M00356 Methanogenesis, methanol => methane",virus,,,
Energy_metabolism,b_Energy_metabolism,Methane_metabolism,58,"M00563 Methanogenesis, methylamine/dimethylamine/trimethylamine => methane",virus,,,
Energy_metabolism,b_Energy_metabolism,Methane_metabolism,59,M00358 Coenzyme M biosynthesis,virus,3,2-blocks-missing,3
Energy_metabolism,b_Energy_metabolism,Methane_metabolism,60,"M00608 2-Oxocarboxylic acid chain extension, 2-oxoglutarate => 2-oxoadipate => 2-oxopimelate => 2-oxosuberate",virus,,,
Energy_metabolism,b_Energy_metabolism,Methane_metabolism,61,"M00174 Methane oxidation, methanotroph, methane => formaldehyde",virus,,,
Energy_metabolism,b_Energy_metabolism,Methane_metabolism,62,"M00346 Formaldehyde assimilation, serine pathway",virus,3,incomplete,4
Energy_metabolism,b_Energy_metabolism,Methane_metabolism,63,"M00345 Formaldehyde assimilation, ribulose monophosphate pathway",virus,2,1-block-missing,2
Energy_metabolism,b_Energy_metabolism,Methane_metabolism,64,"M00344 Formaldehyde assimilation, xylulose monophosphate pathway",virus,2,2-blocks-missing,3
Energy_metabolism,b_Energy_metabolism,Methane_metabolism,65,"M00378 F420 biosynthesis, archaea",virus,1,incomplete,4
Energy_metabolism,b_Energy_metabolism,Methane_metabolism,66,M00935 Methanofuran biosynthesis,virus,,,
Energy_metabolism,b_Energy_metabolism,Methane_metabolism,67,"M00422 Acetyl-CoA pathway, CO2 => acetyl-CoA",virus,,,
Energy_metabolism,b_Energy_metabolism,Nitrogen_metabolism,68,"M00175 Nitrogen fixation, nitrogen => ammonia",virus,,,
Energy_metabolism,b_Energy_metabolism,Nitrogen_metabolism,69,"M00531 Assimilatory nitrate reduction, nitrate => ammonia",virus,,,
Energy_metabolism,b_Energy_metabolism,Nitrogen_metabolism,70,"M00530 Dissimilatory nitrate reduction, nitrate => ammonia",virus,,,
Energy_metabolism,b_Energy_metabolism,Nitrogen_metabolism,71,"M00529 Denitrification, nitrate => nitrogen",virus,,,
Energy_metabolism,b_Energy_metabolism,Nitrogen_metabolism,72,"M00528 Nitrification, ammonia => nitrite",virus,,,
Energy_metabolism,b_Energy_metabolism,Nitrogen_metabolism,73,"M00804 Complete nitrification, comammox, ammonia => nitrite => nitrate",virus,,,
Energy_metabolism,b_Energy_metabolism,Nitrogen_metabolism,74,"M00973 Anammox, nitrite + ammonia => nitrogen",virus,,,
Energy_metabolism,b_Energy_metabolism,Sulfur_metabolism,75,"M00176 Assimilatory sulfate reduction, sulfate => H2S",virus,4,1-block-missing,2
Energy_metabolism,b_Energy_metabolism,Sulfur_metabolism,76,"M00596 Dissimilatory sulfate reduction, sulfate => H2S",virus,,,
Energy_metabolism,b_Energy_metabolism,Photosynthesis,77,M00597 Anoxygenic photosystem II,virus,,,
Energy_metabolism,b_Energy_metabolism,ATP_synthesis,78,"M00144 NADH:quinone oxidoreductase, prokaryotes",virus,,,
Energy_metabolism,b_Energy_metabolism,ATP_synthesis,79,"M00142 NADH:ubiquinone oxidoreductase, mitochondria",virus,,,
Energy_metabolism,b_Energy_metabolism,ATP_synthesis,80,"M00149 Succinate dehydrogenase, prokaryotes",virus,,,
Energy_metabolism,b_Energy_metabolism,ATP_synthesis,81,"M00150 Fumarate reductase, prokaryotes",virus,,,
Energy_metabolism,b_Energy_metabolism,ATP_synthesis,82,M00151 Cytochrome bc1 complex respiratory unit,virus,,,
Energy_metabolism,b_Energy_metabolism,ATP_synthesis,83,"M00155 Cytochrome c oxidase, prokaryotes",virus,,,
Energy_metabolism,b_Energy_metabolism,ATP_synthesis,84,M00417 Cytochrome o ubiquinol oxidase,virus,,,
Energy_metabolism,b_Energy_metabolism,ATP_synthesis,85,"M00156 Cytochrome c oxidase, cbb3-type",virus,,,
Energy_metabolism,b_Energy_metabolism,ATP_synthesis,86,"M00157 F-type ATPase, prokaryotes and chloroplasts",virus,,,
Lipid_metabolism,c_Lipid_metabolism,Fatty_acid_metabolism,87,"M00082 Fatty acid biosynthesis, initiation",virus,,,
Lipid_metabolism,c_Lipid_metabolism,Fatty_acid_metabolism,88,"M00083 Fatty acid biosynthesis, elongation",virus,,,
Lipid_metabolism,c_Lipid_metabolism,Fatty_acid_metabolism,89,"M00873 Fatty acid biosynthesis in mitochondria, animals",virus,,,
Lipid_metabolism,c_Lipid_metabolism,Fatty_acid_metabolism,90,"M00874 Fatty acid biosynthesis in mitochondria, fungi",virus,,,
Lipid_metabolism,c_Lipid_metabolism,Fatty_acid_metabolism,91,M00085 Fatty acid elongation in mitochondria,virus,,,
Lipid_metabolism,c_Lipid_metabolism,Fatty_acid_metabolism,92,"M00086 beta-Oxidation, acyl-CoA synthesis",virus,,,
Lipid_metabolism,c_Lipid_metabolism,Fatty_acid_metabolism,93,M00087 beta-Oxidation,virus,1,2-blocks-missing,3
Lipid_metabolism,c_Lipid_metabolism,Fatty_acid_metabolism,94,"M00861 beta-Oxidation, peroxisome, VLCFA",virus,,,
Lipid_metabolism,c_Lipid_metabolism,Sterol_biosynthesis,95,"M00101 Cholesterol biosynthesis, squalene 2,3-epoxide => cholesterol",virus,,,
Lipid_metabolism,c_Lipid_metabolism,Sterol_biosynthesis,96,"M00102 Ergocalciferol biosynthesis, squalene 2,3-epoxide => ergosterol/ergocalciferol",virus,,,
Lipid_metabolism,c_Lipid_metabolism,Sterol_biosynthesis,97,"M00917 Phytosterol biosynthesis, squalene 2,3-epoxide => campesterol/sitosterol",virus,,,
Lipid_metabolism,c_Lipid_metabolism,Sterol_biosynthesis,98,"M00104 Bile acid biosynthesis, cholesterol => cholate/chenodeoxycholate",virus,,,
Lipid_metabolism,c_Lipid_metabolism,Sterol_biosynthesis,99,"M00862 beta-Oxidation, peroxisome, tri/dihydroxycholestanoyl-CoA => choloyl/chenodeoxycholoyl-CoA",virus,,,
Lipid_metabolism,c_Lipid_metabolism,Lipid_metabolism,100,"M00088 Ketone body biosynthesis, acetyl-CoA => acetoacetate/3-hydroxybutyrate/acetone",virus,,,
Lipid_metabolism,c_Lipid_metabolism,Lipid_metabolism,101,M00089 Triacylglycerol biosynthesis,virus,,,
Lipid_metabolism,c_Lipid_metabolism,Lipid_metabolism,102,M00098 Acylglycerol degradation,virus,,,
Lipid_metabolism,c_Lipid_metabolism,Lipid_metabolism,103,"M00090 Phosphatidylcholine(PC) biosynthesis, choline => PC",virus,,,
Lipid_metabolism,c_Lipid_metabolism,Lipid_metabolism,104,"M00091 Phosphatidylcholine(PC) biosynthesis, PE => PC",virus,,,
Lipid_metabolism,c_Lipid_metabolism,Lipid_metabolism,105,"M00093 Phosphatidylethanolamine(PE) biosynthesis, PA => PS => PE",virus,,,
Lipid_metabolism,c_Lipid_metabolism,Lipid_metabolism,106,M00094 Ceramide biosynthesis,virus,,,
Lipid_metabolism,c_Lipid_metabolism,Lipid_metabolism,107,M00066 Lactosylceramide biosynthesis,virus,,,
Lipid_metabolism,c_Lipid_metabolism,Lipid_metabolism,108,M00099 Sphingosine biosynthesis,virus,,,
Lipid_metabolism,c_Lipid_metabolism,Lipid_metabolism,109,M00100 Sphingosine degradation,virus,,,
Lipid_metabolism,c_Lipid_metabolism,Lipid_metabolism,110,M00113 Jasmonic acid biosynthesis,virus,,,
Nucleotide_metabolism,d_Nucleotide_metabolism,Purine_metabolism,111,"M00048 De novo purine biosynthesis, PRPP + glutamine => IMP",virus,7,incomplete,4
Nucleotide_metabolism,d_Nucleotide_metabolism,Purine_metabolism,112,"M00049 Adenine ribonucleotide biosynthesis, IMP => ADP,ATP",virus,1,incomplete,4
Nucleotide_metabolism,d_Nucleotide_metabolism,Purine_metabolism,113,"M00050 Guanine ribonucleotide biosynthesis, IMP => GDP,GTP",virus,3,1-block-missing,2
Nucleotide_metabolism,d_Nucleotide_metabolism,Purine_metabolism,114,"M00053 Deoxyribonucleotide biosynthesis, ADP/GDP/CDP/UDP => dATP/dGTP/dCTP/dUTP",virus,3,1-block-missing,2
Nucleotide_metabolism,d_Nucleotide_metabolism,Purine_metabolism,115,"M00958 Adenine ribonucleotide degradation, AMP => Urate",virus,1,2-blocks-missing,3
Nucleotide_metabolism,d_Nucleotide_metabolism,Purine_metabolism,116,"M00959 Guanine ribonucleotide degradation, GMP => Urate",virus,1,incomplete,4
Nucleotide_metabolism,d_Nucleotide_metabolism,Purine_metabolism,117,"M00546 Purine degradation, xanthine => urea",virus,,,
Nucleotide_metabolism,d_Nucleotide_metabolism,Pyrimidine_metabolism,118,"M00051 De novo pyrimidine biosynthesis, glutamine(+ PRPP) => UMP",virus,8,1-block-missing,2
Nucleotide_metabolism,d_Nucleotide_metabolism,Pyrimidine_metabolism,119,"M00052 Pyrimidine ribonucleotide biosynthesis, UMP => UDP/UTP,CDP/CTP",virus,1,2-blocks-missing,3
Nucleotide_metabolism,d_Nucleotide_metabolism,Pyrimidine_metabolism,120,"M00938 Pyrimidine deoxyribonucleotide biosynthesis, UDP => dTTP",virus,4,incomplete,4
Nucleotide_metabolism,d_Nucleotide_metabolism,Pyrimidine_metabolism,121,"M00046 Pyrimidine degradation, uracil => beta-alanine, thymine => 3-aminoisobutanoate",virus,,,
Nucleotide_metabolism,d_Nucleotide_metabolism,Pyrimidine_metabolism,122,"M00939 Pyrimidine degradation, uracil => 3-hydroxypropanoate",virus,,,
Amino_acid_metabolism,e_Amino_acid_metabolism,Serine_and_threonine_metabolism,123,"M00020 Serine biosynthesis, glycerate-3P => serine",virus,2,1-block-missing,2
Amino_acid_metabolism,e_Amino_acid_metabolism,Serine_and_threonine_metabolism,124,"M00018 Threonine biosynthesis, aspartate => homoserine => threonine",virus,2,incomplete,4
Amino_acid_metabolism,e_Amino_acid_metabolism,Serine_and_threonine_metabolism,125,M00621 Glycine cleavage system,virus,1,2-blocks-missing,3
Amino_acid_metabolism,e_Amino_acid_metabolism,Serine_and_threonine_metabolism,126,"M00555 Betaine biosynthesis, choline => betaine",virus,,,
Amino_acid_metabolism,e_Amino_acid_metabolism,Serine_and_threonine_metabolism,127,"M00974 Betaine metabolism, animals, betaine => glycine",virus,,,
Amino_acid_metabolism,e_Amino_acid_metabolism,Serine_and_threonine_metabolism,128,"M00975 Betaine degradation, bacteria, betaine => pyruvate",virus,1,incomplete,4
Amino_acid_metabolism,e_Amino_acid_metabolism,Serine_and_threonine_metabolism,129,"M00033 Ectoine biosynthesis, aspartate => ectoine",virus,2,incomplete,4
Amino_acid_metabolism,e_Amino_acid_metabolism,Serine_and_threonine_metabolism,130,"M00919 Ectoine degradation, ectoine => aspartate",virus,,,
Amino_acid_metabolism,e_Amino_acid_metabolism,Cysteine_and_methionine_metabolism,131,"M00021 Cysteine biosynthesis, serine => cysteine",virus,1,1-block-missing,2
Amino_acid_metabolism,e_Amino_acid_metabolism,Cysteine_and_methionine_metabolism,132,"M00338 Cysteine biosynthesis, homocysteine + serine => cysteine",virus,1,1-block-missing,2
Amino_acid_metabolism,e_Amino_acid_metabolism,Cysteine_and_methionine_metabolism,133,"M00609 Cysteine biosynthesis, methionine => cysteine",virus,1,incomplete,4
Amino_acid_metabolism,e_Amino_acid_metabolism,Cysteine_and_methionine_metabolism,134,"M00017 Methionine biosynthesis, aspartate => homoserine => methionine",virus,3,incomplete,4
Amino_acid_metabolism,e_Amino_acid_metabolism,Cysteine_and_methionine_metabolism,135,M00034 Methionine salvage pathway,virus,2,incomplete,4
Amino_acid_metabolism,e_Amino_acid_metabolism,Cysteine_and_methionine_metabolism,136,M00035 Methionine degradation,virus,1,incomplete,4
Amino_acid_metabolism,e_Amino_acid_metabolism,Cysteine_and_methionine_metabolism,137,"M00368 Ethylene biosynthesis, methionine => ethylene",virus,,,
Amino_acid_metabolism,e_Amino_acid_metabolism,Branched-chain_amino_acid_metabolism,138,"M00019 Valine/isoleucine biosynthesis, pyruvate => valine / 2-oxobutanoate => isoleucine",virus,3,2-blocks-missing,3
Amino_acid_metabolism,e_Amino_acid_metabolism,Branched-chain_amino_acid_metabolism,139,"M00535 Isoleucine biosynthesis, pyruvate => 2-oxobutanoate",virus,,,
Amino_acid_metabolism,e_Amino_acid_metabolism,Branched-chain_amino_acid_metabolism,140,"M00570 Isoleucine biosynthesis, threonine => 2-oxobutanoate => isoleucine",virus,4,2-blocks-missing,3
Amino_acid_metabolism,e_Amino_acid_metabolism,Branched-chain_amino_acid_metabolism,141,"M00432 Leucine biosynthesis, 2-oxoisovalerate => 2-oxoisocaproate",virus,1,2-blocks-missing,3
Amino_acid_metabolism,e_Amino_acid_metabolism,Branched-chain_amino_acid_metabolism,142,"M00036 Leucine degradation, leucine => acetoacetate + acetyl-CoA",virus,5,incomplete,4
Amino_acid_metabolism,e_Amino_acid_metabolism,Lysine_metabolism,143,"M00016 Lysine biosynthesis, succinyl-DAP pathway, aspartate => lysine",virus,6,incomplete,4
Amino_acid_metabolism,e_Amino_acid_metabolism,Lysine_metabolism,144,"M00525 Lysine biosynthesis, acetyl-DAP pathway, aspartate => lysine",virus,4,incomplete,4
Amino_acid_metabolism,e_Amino_acid_metabolism,Lysine_metabolism,145,"M00526 Lysine biosynthesis, DAP dehydrogenase pathway, aspartate => lysine",virus,4,2-blocks-missing,3
Amino_acid_metabolism,e_Amino_acid_metabolism,Lysine_metabolism,146,"M00527 Lysine biosynthesis, DAP aminotransferase pathway, aspartate => lysine",virus,4,incomplete,4
Amino_acid_metabolism,e_Amino_acid_metabolism,Lysine_metabolism,147,"M00030 Lysine biosynthesis, AAA pathway, 2-oxoglutarate => 2-aminoadipate => lysine",virus,1,incomplete,4
Amino_acid_metabolism,e_Amino_acid_metabolism,Lysine_metabolism,148,"M00433 Lysine biosynthesis, 2-oxoglutarate => 2-oxoadipate",virus,,,
Amino_acid_metabolism,e_Amino_acid_metabolism,Lysine_metabolism,149,"M00031 Lysine biosynthesis, mediated by LysW, 2-aminoadipate => lysine",virus,,,
Amino_acid_metabolism,e_Amino_acid_metabolism,Lysine_metabolism,150,"M00032 Lysine degradation, lysine => saccharopine => acetoacetyl-CoA",virus,,,
Amino_acid_metabolism,e_Amino_acid_metabolism,Lysine_metabolism,151,"M00956 Lysine degradation, bacteria, L-lysine => succinate",virus,,,
Amino_acid_metabolism,e_Amino_acid_metabolism,Lysine_metabolism,152,"M00957 Lysine degradation, bacteria, L-lysine => glutarate => succinate/acetyl-CoA",virus,,,
Amino_acid_metabolism,e_Amino_acid_metabolism,Lysine_metabolism,153,"M00960 Lysine degradation, bacteria, L-lysine => D-lysine => succinate",virus,,,
Amino_acid_metabolism,e_Amino_acid_metabolism,Arginine_and_proline_metabolism,154,"M00028 Ornithine biosynthesis, glutamate => ornithine",virus,2,incomplete,4
Amino_acid_metabolism,e_Amino_acid_metabolism,Arginine_and_proline_metabolism,155,"M00763 Ornithine biosynthesis, mediated by LysW, glutamate => ornithine",virus,,,
Amino_acid_metabolism,e_Amino_acid_metabolism,Arginine_and_proline_metabolism,156,"M00844 Arginine biosynthesis, ornithine => arginine",virus,,,
Amino_acid_metabolism,e_Amino_acid_metabolism,Arginine_and_proline_metabolism,157,"M00845 Arginine biosynthesis, glutamate => acetylcitrulline => arginine",virus,1,incomplete,4
Amino_acid_metabolism,e_Amino_acid_metabolism,Arginine_and_proline_metabolism,158,M00029 Urea cycle,virus,,,
Amino_acid_metabolism,e_Amino_acid_metabolism,Arginine_and_proline_metabolism,159,"M00015 Proline biosynthesis, glutamate => proline",virus,,,
Amino_acid_metabolism,e_Amino_acid_metabolism,Arginine_and_proline_metabolism,160,"M00970 Proline degradation, proline => glutamate",virus,,,
Amino_acid_metabolism,e_Amino_acid_metabolism,Arginine_and_proline_metabolism,161,M00972 Proline metabolism,virus,,,
Amino_acid_metabolism,e_Amino_acid_metabolism,Arginine_and_proline_metabolism,162,M00047 Creatine pathway,virus,,,
Amino_acid_metabolism,e_Amino_acid_metabolism,Arginine_and_proline_metabolism,163,"M00879 Arginine succinyltransferase pathway, arginine => glutamate",virus,,,
Amino_acid_metabolism,e_Amino_acid_metabolism,Polyamine_biosynthesis,164,"M00133 Polyamine biosynthesis, arginine => agmatine => putrescine => spermidine",virus,,,
Amino_acid_metabolism,e_Amino_acid_metabolism,Polyamine_biosynthesis,165,"M00134 Polyamine biosynthesis, arginine => ornithine => putrescine",virus,,,
Amino_acid_metabolism,e_Amino_acid_metabolism,Polyamine_biosynthesis,166,"M00135 GABA biosynthesis, eukaryotes, putrescine => GABA",virus,,,
Amino_acid_metabolism,e_Amino_acid_metabolism,Polyamine_biosynthesis,167,"M00136 GABA biosynthesis, prokaryotes, putrescine => GABA",virus,,,
Amino_acid_metabolism,e_Amino_acid_metabolism,Histidine_metabolism,168,"M00026 Histidine biosynthesis, PRPP => histidine",virus,,,
Amino_acid_metabolism,e_Amino_acid_metabolism,Histidine_metabolism,169,"M00045 Histidine degradation, histidine => N-formiminoglutamate => glutamate",virus,1,incomplete,4
Amino_acid_metabolism,e_Amino_acid_metabolism,Aromatic_amino_acid_metabolism,170,"M00022 Shikimate pathway, phosphoenolpyruvate + erythrose-4P => chorismate",virus,6,2-blocks-missing,3
Amino_acid_metabolism,e_Amino_acid_metabolism,Aromatic_amino_acid_metabolism,171,"M00023 Tryptophan biosynthesis, chorismate => tryptophan",virus,3,2-blocks-missing,3
Amino_acid_metabolism,e_Amino_acid_metabolism,Aromatic_amino_acid_metabolism,172,"M00024 Phenylalanine biosynthesis, chorismate => phenylpyruvate => phenylalanine",virus,,,
Amino_acid_metabolism,e_Amino_acid_metabolism,Aromatic_amino_acid_metabolism,173,"M00910 Phenylalanine biosynthesis, chorismate => arogenate => phenylalanine",virus,,,
Amino_acid_metabolism,e_Amino_acid_metabolism,Aromatic_amino_acid_metabolism,174,"M00025 Tyrosine biosynthesis, chorismate => HPP => tyrosine",virus,,,
Amino_acid_metabolism,e_Amino_acid_metabolism,Aromatic_amino_acid_metabolism,175,"M00040 Tyrosine biosynthesis, chorismate => arogenate => tyrosine",virus,,,
Amino_acid_metabolism,e_Amino_acid_metabolism,Aromatic_amino_acid_metabolism,176,"M00042 Catecholamine biosynthesis, tyrosine => dopamine => noradrenaline => adrenaline",virus,,,
Amino_acid_metabolism,e_Amino_acid_metabolism,Aromatic_amino_acid_metabolism,177,"M00044 Tyrosine degradation, tyrosine => homogentisate",virus,1,incomplete,4
Amino_acid_metabolism,e_Amino_acid_metabolism,Aromatic_amino_acid_metabolism,178,"M00533 Homoprotocatechuate degradation, homoprotocatechuate => 2-oxohept-3-enedioate",virus,,,
Amino_acid_metabolism,e_Amino_acid_metabolism,Aromatic_amino_acid_metabolism,179,"M00037 Melatonin biosynthesis, animals, tryptophan => serotonin => melatonin",virus,,,
Amino_acid_metabolism,e_Amino_acid_metabolism,Aromatic_amino_acid_metabolism,180,"M00936 Melatonin biosynthesis, plants, tryptophan => serotonin => melatonin",virus,,,
Amino_acid_metabolism,e_Amino_acid_metabolism,Aromatic_amino_acid_metabolism,181,"M00038 Tryptophan metabolism, tryptophan => kynurenine => 2-aminomuconate",virus,,,
Amino_acid_metabolism,e_Amino_acid_metabolism,Other_amino_acid_metabolism,182,M00027 GABA(gamma-Aminobutyrate) shunt,virus,,,
Amino_acid_metabolism,e_Amino_acid_metabolism,Other_amino_acid_metabolism,183,"M00118 Glutathione biosynthesis, glutamate => glutathione",virus,,,
Amino_acid_metabolism,e_Amino_acid_metabolism,Other_amino_acid_metabolism,184,"M00948 Hydroxyproline degradation, trans-4-hydroxy-L-proline => 2-oxoglutarate",virus,,,
Glycan_metabolism,f_Glycan_metabolism,Glycan_biosynthesis,185,M00055 N-glycan precursor biosynthesis,virus,,,
Glycan_metabolism,f_Glycan_metabolism,Glycan_biosynthesis,186,"M00075 N-glycan biosynthesis, complex type",virus,,,
Glycan_metabolism,f_Glycan_metabolism,Glycan_biosynthesis,187,"M00056 O-glycan biosynthesis, mucin type core",virus,,,
Glycan_metabolism,f_Glycan_metabolism,Glycan_biosynthesis,188,"M00872 O-glycan biosynthesis, mannose type(core M3)",virus,,,
Glycan_metabolism,f_Glycan_metabolism,Glycan_biosynthesis,189,"M00065 GPI-anchor biosynthesis, core oligosaccharide",virus,,,
Glycan_metabolism,f_Glycan_metabolism,Glycosaminoglycan_metabolism,190,"M00059 Glycosaminoglycan biosynthesis, heparan sulfate backbone",virus,,,
Glycan_metabolism,f_Glycan_metabolism,Glycosaminoglycan_metabolism,191,M00076 Dermatan sulfate degradation,virus,,,
Glycan_metabolism,f_Glycan_metabolism,Glycosaminoglycan_metabolism,192,M00077 Chondroitin sulfate degradation,virus,,,
Glycan_metabolism,f_Glycan_metabolism,Glycosaminoglycan_metabolism,193,M00078 Heparan sulfate degradation,virus,,,
Glycan_metabolism,f_Glycan_metabolism,Glycosaminoglycan_metabolism,194,M00079 Keratan sulfate degradation,virus,,,
Glycan_metabolism,f_Glycan_metabolism,Lipopolysaccharide_metabolism,195,"M00060 KDO2-lipid A biosynthesis, Raetz pathway, LpxL-LpxM type",virus,,,
Glycan_metabolism,f_Glycan_metabolism,Lipopolysaccharide_metabolism,196,"M00866 KDO2-lipid A biosynthesis, Raetz pathway, non-LpxL-LpxM type",virus,,,
Glycan_metabolism,f_Glycan_metabolism,Lipopolysaccharide_metabolism,197,M00867 KDO2-lipid A modification pathway,virus,,,
Glycan_metabolism,f_Glycan_metabolism,Lipopolysaccharide_metabolism,198,M00063 CMP-KDO biosynthesis,virus,,,
Glycan_metabolism,f_Glycan_metabolism,Lipopolysaccharide_metabolism,199,M00064 ADP-L-glycero-D-manno-heptose biosynthesis,virus,,,
Glycan_metabolism,f_Glycan_metabolism,Lipopolysaccharide_metabolism,200,M00922 CMP-Neu5Ac biosynthesis,virus,,,
Glycan_metabolism,f_Glycan_metabolism,Lipopolysaccharide_metabolism,201,M00923 UDP-L-FucNAm biosynthesis,virus,,,
Metabolism_of_cofactors_and_vitamins,g_Metabolism_of_cofactors_and_vitamins,Cofactor_and_vitamin_metabolism,202,"M00127 Thiamine biosynthesis, prokaryotes, AIR(+ DXP/tyrosine) => TMP/TPP",virus,,,
Metabolism_of_cofactors_and_vitamins,g_Metabolism_of_cofactors_and_vitamins,Cofactor_and_vitamin_metabolism,203,"M00895 Thiamine biosynthesis, prokaryotes, AIR(+ DXP/glycine) => TMP/TPP",virus,,,
Metabolism_of_cofactors_and_vitamins,g_Metabolism_of_cofactors_and_vitamins,Cofactor_and_vitamin_metabolism,204,"M00896 Thiamine biosynthesis, archaea, AIR(+ NAD+) => TMP/TPP",virus,,,
Metabolism_of_cofactors_and_vitamins,g_Metabolism_of_cofactors_and_vitamins,Cofactor_and_vitamin_metabolism,205,"M00897 Thiamine biosynthesis, plants, AIR(+ NAD+) => TMP/thiamine/TPP",virus,,,
Metabolism_of_cofactors_and_vitamins,g_Metabolism_of_cofactors_and_vitamins,Cofactor_and_vitamin_metabolism,206,"M00898 Thiamine biosynthesis, pyridoxal-5P => TMP/thiamine/TPP",virus,,,
Metabolism_of_cofactors_and_vitamins,g_Metabolism_of_cofactors_and_vitamins,Cofactor_and_vitamin_metabolism,207,"M00899 Thiamine salvage pathway, HMP/HET => TMP",virus,,,
Metabolism_of_cofactors_and_vitamins,g_Metabolism_of_cofactors_and_vitamins,Cofactor_and_vitamin_metabolism,208,"M00125 Riboflavin biosynthesis, plants and bacteria, GTP => riboflavin/FMN/FAD",virus,,,
Metabolism_of_cofactors_and_vitamins,g_Metabolism_of_cofactors_and_vitamins,Cofactor_and_vitamin_metabolism,209,"M00911 Riboflavin biosynthesis, fungi, GTP => riboflavin/FMN/FAD",virus,,,
Metabolism_of_cofactors_and_vitamins,g_Metabolism_of_cofactors_and_vitamins,Cofactor_and_vitamin_metabolism,210,"M00124 Pyridoxal-P biosynthesis, erythrose-4P => pyridoxal-P",virus,1,incomplete,4
Metabolism_of_cofactors_and_vitamins,g_Metabolism_of_cofactors_and_vitamins,Cofactor_and_vitamin_metabolism,211,"M00916 Pyridoxal-P biosynthesis, R5P + glyceraldehyde-3P + glutamine => pyridoxal-P",virus,,,
Metabolism_of_cofactors_and_vitamins,g_Metabolism_of_cofactors_and_vitamins,Cofactor_and_vitamin_metabolism,212,"M00115 NAD biosynthesis, aspartate => quinolinate => NAD",virus,,,
Metabolism_of_cofactors_and_vitamins,g_Metabolism_of_cofactors_and_vitamins,Cofactor_and_vitamin_metabolism,213,"M00912 NAD biosynthesis, tryptophan => quinolinate => NAD",virus,,,
Metabolism_of_cofactors_and_vitamins,g_Metabolism_of_cofactors_and_vitamins,Cofactor_and_vitamin_metabolism,214,"M00622 Nicotinate degradation, nicotinate => fumarate",virus,,,
Metabolism_of_cofactors_and_vitamins,g_Metabolism_of_cofactors_and_vitamins,Cofactor_and_vitamin_metabolism,215,"M00119 Pantothenate biosynthesis, valine/L-aspartate => pantothenate",virus,1,incomplete,4
Metabolism_of_cofactors_and_vitamins,g_Metabolism_of_cofactors_and_vitamins,Cofactor_and_vitamin_metabolism,216,"M00913 Pantothenate biosynthesis, 2-oxoisovalerate/spermine => pantothenate",virus,,,
Metabolism_of_cofactors_and_vitamins,g_Metabolism_of_cofactors_and_vitamins,Cofactor_and_vitamin_metabolism,217,"M00120 Coenzyme A biosynthesis, pantothenate => CoA",virus,,,
Metabolism_of_cofactors_and_vitamins,g_Metabolism_of_cofactors_and_vitamins,Cofactor_and_vitamin_metabolism,218,"M00914 Coenzyme A biosynthesis, archaea, 2-oxoisovalerate => 4-phosphopantoate => CoA",virus,,,
Metabolism_of_cofactors_and_vitamins,g_Metabolism_of_cofactors_and_vitamins,Cofactor_and_vitamin_metabolism,219,"M00572 Pimeloyl-ACP biosynthesis, BioC-BioH pathway, malonyl-ACP => pimeloyl-ACP",virus,,,
Metabolism_of_cofactors_and_vitamins,g_Metabolism_of_cofactors_and_vitamins,Cofactor_and_vitamin_metabolism,220,"M00123 Biotin biosynthesis, pimeloyl-ACP/CoA => biotin",virus,,,
Metabolism_of_cofactors_and_vitamins,g_Metabolism_of_cofactors_and_vitamins,Cofactor_and_vitamin_metabolism,221,"M00950 Biotin biosynthesis, BioU pathway, pimeloyl-ACP/CoA => biotin",virus,,,
Metabolism_of_cofactors_and_vitamins,g_Metabolism_of_cofactors_and_vitamins,Cofactor_and_vitamin_metabolism,222,"M00573 Biotin biosynthesis, BioI pathway, long-chain-acyl-ACP => pimeloyl-ACP => biotin",virus,,,
Metabolism_of_cofactors_and_vitamins,g_Metabolism_of_cofactors_and_vitamins,Cofactor_and_vitamin_metabolism,223,"M00577 Biotin biosynthesis, BioW pathway, pimelate => pimeloyl-CoA => biotin",virus,,,
Metabolism_of_cofactors_and_vitamins,g_Metabolism_of_cofactors_and_vitamins,Cofactor_and_vitamin_metabolism,224,"M00881 Lipoic acid biosynthesis, plants and bacteria, octanoyl-ACP => dihydrolipoyl-E2/H",virus,,,
Metabolism_of_cofactors_and_vitamins,g_Metabolism_of_cofactors_and_vitamins,Cofactor_and_vitamin_metabolism,225,"M00882 Lipoic acid biosynthesis, eukaryotes, octanoyl-ACP => dihydrolipoyl-H",virus,,,
Metabolism_of_cofactors_and_vitamins,g_Metabolism_of_cofactors_and_vitamins,Cofactor_and_vitamin_metabolism,226,"M00883 Lipoic acid biosynthesis, animals and bacteria, octanoyl-ACP => dihydrolipoyl-H => dihydrolipoyl-E2",virus,,,
Metabolism_of_cofactors_and_vitamins,g_Metabolism_of_cofactors_and_vitamins,Cofactor_and_vitamin_metabolism,227,"M00884 Lipoic acid biosynthesis, octanoyl-CoA => dihydrolipoyl-E2",virus,,,
Metabolism_of_cofactors_and_vitamins,g_Metabolism_of_cofactors_and_vitamins,Cofactor_and_vitamin_metabolism,228,"M00126 Tetrahydrofolate biosynthesis, GTP => THF",virus,,,
Metabolism_of_cofactors_and_vitamins,g_Metabolism_of_cofactors_and_vitamins,Cofactor_and_vitamin_metabolism,229,"M00840 Tetrahydrofolate biosynthesis, mediated by ribA and trpF, GTP => THF",virus,,,
Metabolism_of_cofactors_and_vitamins,g_Metabolism_of_cofactors_and_vitamins,Cofactor_and_vitamin_metabolism,230,"M00841 Tetrahydrofolate biosynthesis, mediated by PTPS, GTP => THF",virus,,,
Metabolism_of_cofactors_and_vitamins,g_Metabolism_of_cofactors_and_vitamins,Cofactor_and_vitamin_metabolism,231,"M00842 Tetrahydrobiopterin biosynthesis, GTP => BH4",virus,,,
Metabolism_of_cofactors_and_vitamins,g_Metabolism_of_cofactors_and_vitamins,Cofactor_and_vitamin_metabolism,232,"M00843 L-threo-Tetrahydrobiopterin biosynthesis, GTP => L-threo-BH4",virus,,,
Metabolism_of_cofactors_and_vitamins,g_Metabolism_of_cofactors_and_vitamins,Cofactor_and_vitamin_metabolism,233,"M00880 Molybdenum cofactor biosynthesis, GTP => molybdenum cofactor",virus,,,
Metabolism_of_cofactors_and_vitamins,g_Metabolism_of_cofactors_and_vitamins,Cofactor_and_vitamin_metabolism,234,"M00140 C1-unit interconversion, prokaryotes",virus,1,2-blocks-missing,3
Metabolism_of_cofactors_and_vitamins,g_Metabolism_of_cofactors_and_vitamins,Cofactor_and_vitamin_metabolism,235,"M00141 C1-unit interconversion, eukaryotes",virus,,,
Metabolism_of_cofactors_and_vitamins,g_Metabolism_of_cofactors_and_vitamins,Cofactor_and_vitamin_metabolism,236,"M00846 Siroheme biosynthesis, glutamyl-tRNA => siroheme",virus,2,incomplete,4
Metabolism_of_cofactors_and_vitamins,g_Metabolism_of_cofactors_and_vitamins,Cofactor_and_vitamin_metabolism,237,"M00868 Heme biosynthesis, animals and fungi, glycine => heme",virus,2,incomplete,4
Metabolism_of_cofactors_and_vitamins,g_Metabolism_of_cofactors_and_vitamins,Cofactor_and_vitamin_metabolism,238,"M00121 Heme biosynthesis, plants and bacteria, glutamate => heme",virus,4,incomplete,4
Metabolism_of_cofactors_and_vitamins,g_Metabolism_of_cofactors_and_vitamins,Cofactor_and_vitamin_metabolism,239,"M00926 Heme biosynthesis, bacteria, glutamyl-tRNA => coproporphyrin III => heme",virus,2,incomplete,4
Metabolism_of_cofactors_and_vitamins,g_Metabolism_of_cofactors_and_vitamins,Cofactor_and_vitamin_metabolism,240,"M00924 Cobalamin biosynthesis, anaerobic, uroporphyrinogen III => sirohydrochlorin => cobyrinate a,c-diamide",virus,,,
Metabolism_of_cofactors_and_vitamins,g_Metabolism_of_cofactors_and_vitamins,Cofactor_and_vitamin_metabolism,241,"M00925 Cobalamin biosynthesis, aerobic, uroporphyrinogen III => precorrin 2 => cobyrinate a,c-diamide",virus,,,
Metabolism_of_cofactors_and_vitamins,g_Metabolism_of_cofactors_and_vitamins,Cofactor_and_vitamin_metabolism,242,"M00122 Cobalamin biosynthesis, cobyrinate a,c-diamide => cobalamin",virus,1,incomplete,4
Metabolism_of_cofactors_and_vitamins,g_Metabolism_of_cofactors_and_vitamins,Cofactor_and_vitamin_metabolism,243,"M00117 Ubiquinone biosynthesis, prokaryotes, chorismate(+ polyprenyl-PP) => ubiquinol",virus,3,incomplete,4
Metabolism_of_cofactors_and_vitamins,g_Metabolism_of_cofactors_and_vitamins,Cofactor_and_vitamin_metabolism,244,"M00128 Ubiquinone biosynthesis, eukaryotes, 4-hydroxybenzoate + polyprenyl-PP => ubiquinol",virus,,,
Metabolism_of_cofactors_and_vitamins,g_Metabolism_of_cofactors_and_vitamins,Cofactor_and_vitamin_metabolism,245,"M00116 Menaquinone biosynthesis, chorismate(+ polyprenyl-PP) => menaquinol",virus,1,incomplete,4
Metabolism_of_cofactors_and_vitamins,g_Metabolism_of_cofactors_and_vitamins,Cofactor_and_vitamin_metabolism,246,"M00930 Menaquinone biosynthesis, futalosine pathway",virus,,,
Metabolism_of_cofactors_and_vitamins,g_Metabolism_of_cofactors_and_vitamins,Cofactor_and_vitamin_metabolism,247,"M00931 Menaquinone biosynthesis, modified futalosine pathway",virus,,,
Metabolism_of_cofactors_and_vitamins,g_Metabolism_of_cofactors_and_vitamins,Cofactor_and_vitamin_metabolism,248,"M00932 Phylloquinone biosynthesis, chorismate(+ phytyl-PP) => phylloquinol",virus,,,
Metabolism_of_cofactors_and_vitamins,g_Metabolism_of_cofactors_and_vitamins,Cofactor_and_vitamin_metabolism,249,"M00112 Tocopherol/tocotorienol biosynthesis, homogentisate + phytyl/geranylgeranyl-PP => tocopherol/tocotorienol",virus,,,
Metabolism_of_cofactors_and_vitamins,g_Metabolism_of_cofactors_and_vitamins,Cofactor_and_vitamin_metabolism,250,"M00933 Plastoquinone biosynthesis, homogentisate + solanesyl-PP => plastoquinol",virus,,,
Biosynthesis_of_terpenoids_and_polyketides,h_Biosynthesis_of_terpenoids_and_polyketides,Terpenoid_backbone_biosynthesis,251,"M00095 C5 isoprenoid biosynthesis, mevalonate pathway",virus,,,
Biosynthesis_of_terpenoids_and_polyketides,h_Biosynthesis_of_terpenoids_and_polyketides,Terpenoid_backbone_biosynthesis,252,"M00849 C5 isoprenoid biosynthesis, mevalonate pathway, archaea",virus,,,
Biosynthesis_of_terpenoids_and_polyketides,h_Biosynthesis_of_terpenoids_and_polyketides,Terpenoid_backbone_biosynthesis,253,"M00096 C5 isoprenoid biosynthesis, non-mevalonate pathway",virus,,,
Biosynthesis_of_terpenoids_and_polyketides,h_Biosynthesis_of_terpenoids_and_polyketides,Terpenoid_backbone_biosynthesis,254,"M00364 C10-C20 isoprenoid biosynthesis, bacteria",virus,,,
Biosynthesis_of_terpenoids_and_polyketides,h_Biosynthesis_of_terpenoids_and_polyketides,Terpenoid_backbone_biosynthesis,255,"M00365 C10-C20 isoprenoid biosynthesis, archaea",virus,,,
Biosynthesis_of_terpenoids_and_polyketides,h_Biosynthesis_of_terpenoids_and_polyketides,Terpenoid_backbone_biosynthesis,256,"M00366 C10-C20 isoprenoid biosynthesis, plants",virus,,,
Biosynthesis_of_terpenoids_and_polyketides,h_Biosynthesis_of_terpenoids_and_polyketides,Terpenoid_backbone_biosynthesis,257,"M00367 C10-C20 isoprenoid biosynthesis, non-plant eukaryotes",virus,,,
Biosynthesis_of_terpenoids_and_polyketides,h_Biosynthesis_of_terpenoids_and_polyketides,Plant_terpenoid_biosynthesis,258,"M00097 beta-Carotene biosynthesis, GGAP => beta-carotene",virus,,,
Biosynthesis_of_terpenoids_and_polyketides,h_Biosynthesis_of_terpenoids_and_polyketides,Plant_terpenoid_biosynthesis,259,"M00372 Abscisic acid biosynthesis, beta-carotene => abscisic acid",virus,,,
Biosynthesis_of_terpenoids_and_polyketides,h_Biosynthesis_of_terpenoids_and_polyketides,Plant_terpenoid_biosynthesis,260,"M00371 Castasterone biosynthesis, campesterol => castasterone",virus,,,
Biosynthesis_of_terpenoids_and_polyketides,h_Biosynthesis_of_terpenoids_and_polyketides,Enediyne_biosynthesis,261,"M00824 9-membered enediyne core biosynthesis, malonyl-CoA => 3-hydroxyhexadeca-4,6,8,10,12,14-hexaenoyl-ACP => 9-membered enediyne core",virus,,,
Biosynthesis_of_terpenoids_and_polyketides,h_Biosynthesis_of_terpenoids_and_polyketides,Enediyne_biosynthesis,262,"M00825 10-membered enediyne core biosynthesis, malonyl-CoA => 3-hydroxyhexadeca-4,6,8,10,12,14-hexaenoyl-ACP => 10-membered enediyne core",virus,,,
Biosynthesis_of_terpenoids_and_polyketides,h_Biosynthesis_of_terpenoids_and_polyketides,Type_II_polyketide_biosynthesis,263,"M00778 Type II polyketide backbone biosynthesis, acyl-CoA + malonyl-CoA => polyketide",virus,,,
Biosynthesis_of_terpenoids_and_polyketides,h_Biosynthesis_of_terpenoids_and_polyketides,Polyketide_sugar_unit_biosynthesis,264,M00793 dTDP-L-rhamnose biosynthesis,virus,,,
Biosynthesis_of_other_secondary_metabolites,i_Biosynthesis_of_other_secondary_metabolites,Biosynthesis_of_phytochemical_compounds,265,"M00039 Monolignol biosynthesis, phenylalanine/tyrosine => monolignol",virus,,,
Biosynthesis_of_other_secondary_metabolites,i_Biosynthesis_of_other_secondary_metabolites,Biosynthesis_of_phytochemical_compounds,266,"M00137 Flavanone biosynthesis, phenylalanine => naringenin",virus,,,
Biosynthesis_of_other_secondary_metabolites,i_Biosynthesis_of_other_secondary_metabolites,Biosynthesis_of_phytochemical_compounds,267,"M00942 Pterocarpan biosynthesis, daidzein => medicarpin",virus,,,
Biosynthesis_of_other_secondary_metabolites,i_Biosynthesis_of_other_secondary_metabolites,Biosynthesis_of_phytochemical_compounds,268,"M00953 Mugineic acid biosynthesis, methionine => 3-epihydroxymugineic acid",virus,,,
Biosynthesis_of_other_secondary_metabolites,i_Biosynthesis_of_other_secondary_metabolites,Biosynthesis_of_beta-lactams,269,"M00672 Penicillin biosynthesis, aminoadipate + cycteine + valine => penicillin",virus,,,
Biosynthesis_of_other_secondary_metabolites,i_Biosynthesis_of_other_secondary_metabolites,Biosynthesis_of_beta-lactams,270,"M00673 Cephamycin C biosynthesis, aminoadipate + cycteine + valine => cephamycin C",virus,,,
Biosynthesis_of_other_secondary_metabolites,i_Biosynthesis_of_other_secondary_metabolites,Biosynthesis_of_beta-lactams,271,"M00674 Clavaminate biosynthesis, arginine + glyceraldehyde-3P => clavaminate",virus,,,
Biosynthesis_of_other_secondary_metabolites,i_Biosynthesis_of_other_secondary_metabolites,Biosynthesis_of_other_antibiotics,272,"M00903 Fosfomycin biosynthesis, phosphoenolpyruvate => fosfomycin",virus,,,
Biosynthesis_of_other_secondary_metabolites,i_Biosynthesis_of_other_secondary_metabolites,Biosynthesis_of_other_bacterial_compounds,273,"M00789 Rebeccamycin biosynthesis, tryptophan => rebeccamycin",virus,,,
Biosynthesis_of_other_secondary_metabolites,i_Biosynthesis_of_other_secondary_metabolites,Biosynthesis_of_other_bacterial_compounds,274,"M00790 Pyrrolnitrin biosynthesis, tryptophan => pyrrolnitrin",virus,,,
Biosynthesis_of_other_secondary_metabolites,i_Biosynthesis_of_other_secondary_metabolites,Biosynthesis_of_other_bacterial_compounds,275,"M00835 Pyocyanine biosynthesis, chorismate => pyocyanine",virus,,,
Biosynthesis_of_other_secondary_metabolites,i_Biosynthesis_of_other_secondary_metabolites,Biosynthesis_of_other_bacterial_compounds,276,"M00921 Cyclooctatin biosynthesis, dimethylallyl-PP + isopentenyl-PP => cyclooctatin",virus,,,
Xenobiotics_biodegradation,j_Xenobiotics_biodegradation,Aromatics_degradation,277,"M00538 Toluene degradation, toluene => benzoate",virus,,,
Xenobiotics_biodegradation,j_Xenobiotics_biodegradation,Aromatics_degradation,278,"M00537 Xylene degradation, xylene => methylbenzoate",virus,,,
Xenobiotics_biodegradation,j_Xenobiotics_biodegradation,Aromatics_degradation,279,"M00551 Benzoate degradation, benzoate => catechol / methylbenzoate => methylcatechol",virus,,,
Xenobiotics_biodegradation,j_Xenobiotics_biodegradation,Aromatics_degradation,280,"M00568 Catechol ortho-cleavage, catechol => 3-oxoadipate",virus,,,
Xenobiotics_biodegradation,j_Xenobiotics_biodegradation,Aromatics_degradation,281,"M00569 Catechol meta-cleavage, catechol => acetyl-CoA / 4-methylcatechol => propanoyl-CoA",virus,2,incomplete,4
Xenobiotics_biodegradation,j_Xenobiotics_biodegradation,Aromatics_degradation,282,"M00543 Biphenyl degradation, biphenyl => 2-oxopent-4-enoate + benzoate",virus,,,
Xenobiotics_biodegradation,j_Xenobiotics_biodegradation,Aromatics_degradation,283,"M00418 Toluene degradation, anaerobic, toluene => benzoyl-CoA",virus,,,
Xenobiotics_biodegradation,j_Xenobiotics_biodegradation,Aromatics_degradation,284,"M00541 Benzoyl-CoA degradation, benzoyl-CoA => 3-hydroxypimeloyl-CoA",virus,,,
Xenobiotics_biodegradation,j_Xenobiotics_biodegradation,Aromatics_degradation,285,"M00540 Benzoate degradation, cyclohexanecarboxylic acid =>pimeloyl-CoA",virus,,,
Xenobiotics_biodegradation,j_Xenobiotics_biodegradation,Aromatics_degradation,286,"M00534 Naphthalene degradation, naphthalene => salicylate",virus,,,
Xenobiotics_biodegradation,j_Xenobiotics_biodegradation,Aromatics_degradation,287,"M00623 Phthalate degradation, phthalate => protocatechuate",virus,,,
Xenobiotics_biodegradation,j_Xenobiotics_biodegradation,Aromatics_degradation,288,"M00878 Phenylacetate degradation, phenylaxetate => acetyl-CoA/succinyl-CoA",virus,1,incomplete,4
Xenobiotics_biodegradation,j_Xenobiotics_biodegradation,Aromatics_degradation,289,"M00545 Trans-cinnamate degradation, trans-cinnamate => acetyl-CoA",virus,2,incomplete,4